,Concentration (Ni)
Distance (nm),Ion Count,Al ion%,Ni ion%,Ti ion%,H2 ion%,Co ion%,Cr ion%,H ion%,O ion%,Al ion% Sigma,Ni ion% Sigma,Ti ion% Sigma,H2 ion% Sigma,Co ion% Sigma,Cr ion% Sigma,H ion% Sigma,O ion% Sigma
-4.95000007376075,24922,3.15785249979937,25.314982746168,0.726265949763261,0.00802503811893106,33.7372602519862,36.6543616082176,0.37717679158976,0.0240751143567932,0.110773704647533,0.275431821900245,0.0537865358910973,0.00567433117585207,0.299500915401461,0.305231775408779,0.0388293801373581,0.00982744108139708
-4.85000007227063,24836,3.32179094862297,25.2939281687872,0.728780802061524,0.0120792398131744,33.5279433081011,36.7249154453213,0.374456434208407,0.0161056530842326,0.11371287014532,0.275832391864979,0.0539720997207314,0.00697353114480721,0.299558873909265,0.305883424582198,0.0387565557709234,0.00805217803585052
-4.75000007078052,24736,3.23010996119017,25.2506468305304,0.768111254851229,0.0121280724450194,33.5341203104787,36.8127425614489,0.375970245795602,0.0161707632600259,0.112412353697498,0.276232794627677,0.0555102210882443,0.00700172126534495,0.300177475940792,0.306654331606777,0.0389129408982384,0.00808472786962133
-4.6500000692904,24526,3.29446301883715,25.4220011416456,0.88885264617141,0.0163092228655305,32.9527847998043,37.0015493761722,0.403653265921879,0.0203865285819131,0.11397369464162,0.278033334237733,0.0599325525353451,0.00815394642877368,0.300139442294633,0.308291483249026,0.0404867184568692,0.00911620336607382
-4.55000006780028,24756,3.63952173210535,25.1858135401519,0.751333010179351,0,33.2767813863306,36.7183713039263,0.41202132816287,0.0161576991436419,0.119023137675629,0.275886045255484,0.0548830627669219,0,0.299480751097444,0.306365806247738,0.0407120593212007,0.00807819686735036
-4.45000006631017,24632,3.44267619356934,25.1705099058136,0.763234816498863,0.00811951932445599,33.7325430334524,36.4647612861319,0.393796687236116,0.024358557973368,0.11616916302991,0.276523828930112,0.0554517872482727,0.00574113408385789,0.301248474223335,0.306686163312067,0.0399051901377796,0.00994312842815934
-4.35000006482005,24363,3.11948446414645,24.8655748471042,0.73882526782416,0.012313754463736,33.9736485654476,36.9002175429955,0.37762180355457,0.012313754463736,0.11137667578125,0.276919381722897,0.0548649758880803,0.00710891172697946,0.303434083687275,0.309145558699224,0.0392953897789585,0.00710891172697946
-4.25000006332994,24536,3.30127160091294,25.6031953048582,0.815128790348875,0.00407564395174438,33.1390609716335,36.7460058689273,0.366807955656994,0.0244538637104663,0.114064139368909,0.278626451963453,0.057402915619634,0.00407556089653,0.300506903497456,0.307784798011139,0.0385939752473088,0.00998202733546468
-4.15000006183982,24483,3.1736306825144,25.2869337907936,0.702528284932402,0.00816893354572561,33.6274149409795,36.7642854225381,0.412531144059143,0.0245068006371768,0.112032157740662,0.277788363644125,0.0533787852501926,0.00577607236903295,0.301931755083118,0.308149852046996,0.0409636268620238,0.010003633454266
-4.0500000603497,24488,3.26282260699118,25.6615485135577,0.771806599150604,0.0204181639986932,33.1141783730807,36.7771969944463,0.375694217575956,0.0163345311989546,0.113531605316253,0.279107512844051,0.0559236009023618,0.00913034826785555,0.300744273591371,0.308141028632143,0.0390951830701384,0.00816659852996179
-3.95000005885959,24347,3.13796360947961,25.4363987349571,0.763954491313098,0.00410728221136074,33.4579208937446,36.8217850248491,0.369655399022467,0.00821456442272149,0.111732115378688,0.279105581773231,0.0558014830133574,0.00410719786165879,0.302395225798345,0.309110221861059,0.038893015366224,0.00580833562836528
-3.85000005736947,24316,3.37226517519329,24.7121237045567,0.818391182760322,0,34.1914788616549,36.5150518177332,0.382464221088995,0.00822503701266656,0.115761911897814,0.276612301859161,0.0577763334836004,0,0.304196309605922,0.308763018512025,0.0395837775005239,0.00581574025901735
-3.75000005587935,24406,3.12218306973695,25.3953945751045,0.753912972219946,0.00409735310989101,33.4835696140293,36.9212488732279,0.303204130131935,0.016389412439564,0.111325088897528,0.278619813963077,0.055369295916382,0.00409726916751861,0.302087002176151,0.308909618463209,0.0351932887971686,0.00819403466016444
-3.65000005438924,24296,3.49440237076062,24.6419163648337,0.736746789594995,0.00411590385248601,33.9315113598946,36.8538030951597,0.333388212051366,0.00411590385248601,0.117813570608942,0.276461571932424,0.0548638131653388,0.0041158191482918,0.303760569750069,0.309490530812006,0.0369813343984783,0.0041158191482918
-3.55000005289912,24431,3.03712496418485,25.1279112602841,0.769514141868937,0.0122794809872703,33.8995538455241,36.7443002742417,0.392943391592649,0.0163726413163604,0.109790168357291,0.277502913722912,0.0559062342393479,0.00708912635945835,0.30285068812788,0.308442490382799,0.0400257451890228,0.00818565047228809
-3.45000005140901,24285,3.08420835906938,24.7971999176446,0.860613547457278,0.0123533045089561,34.0127650813259,36.8375540457072,0.38295243977764,0.0123533045089561,0.110943043275997,0.27710813371053,0.0592731692111426,0.00713174313983711,0.304005808141524,0.309532181795083,0.0396342093917985,0.00713174313983711
-3.35000004991889,24253,3.00993691502082,25.0938028285161,0.845256256957902,0,33.6247062219107,37.0345936585165,0.371088112810786,0.0206160062672659,0.10971337731857,0.278393686481998,0.0587852286820177,0,0.303354012696351,0.3100787922367,0.0390434765407588,0.00921880786567316
-3.25000004842877,24049,3.3473325294191,24.761944363591,0.794211817539191,0.016632708220716,34.0180464884195,36.7749178760032,0.282756039752173,0.00415817705517901,0.115986605931888,0.278331680882492,0.0572384898732831,0.00831566246414006,0.305505306883769,0.310936743402901,0.0342406946992537,0.00415809060209817
-3.15000004693866,24298,3.16898510165446,25.2366449913573,0.724339451806733,0.0164622602683348,34.0521853650506,36.4268664087579,0.349823030702115,0.0246933904025023,0.112378201339334,0.278660194836265,0.05440103957092,0.0082304525912487,0.304009695816763,0.308718355440714,0.0378772091715256,0.0100797896661381
-3.05000004544854,24211,3.2960224691256,24.7862541819834,0.714551237041014,0.00826070794267069,33.6830366362397,37.1277518483334,0.359340795506175,0.0247821238280121,0.11473895407542,0.277490228606741,0.0541318818718698,0.0058409613363376,0.303746701777044,0.3105077594329,0.0384560961210479,0.0101160059732589
-2.95000004395843,24366,2.9631453664943,25.9049495198227,0.681277189526389,0.0082081589099565,33.4851842731675,36.5345153082164,0.402199786587868,0.0205203972748912,0.108630734077481,0.280668616806174,0.0526969363377726,0.00580380661878753,0.302338478242437,0.308480954256131,0.0405465279698954,0.0091760590195875
-2.85000004246831,24189,3.16259456777874,25.2139402207615,0.830956219769317,0,34.2800446483939,36.0701145148621,0.421679275703832,0.02067055273058,0.112521205277112,0.279204059428654,0.0583671082408034,0,0.305183016974103,0.30875696732424,0.0416643461219079,0.00924319674955871
-2.75000004097819,24205,3.22247469531089,25.1353026234249,0.706465606279694,0.00826275562900227,33.6707291881843,36.8353645940921,0.404875025821111,0.0165255112580045,0.113508783864622,0.278822651208895,0.0538336037066472,0.00584240914960037,0.30375702373317,0.31003943713201,0.0408156757676922,0.00826207286948788
-2.65000003948808,24281,3.18355916148429,25.2337218401219,0.720728141345085,0,33.7136032288621,36.8477410320827,0.292409703060006,0.00823689304394382,0.112667260487493,0.278747032268209,0.054285238099536,0,0.303376200028262,0.309575508313945,0.0346518731288268,0.00582412304906885
-2.55000003799796,24026,3.15907766586198,25.1186214933822,0.782485640556064,0,33.7176392241738,36.8683925747107,0.337134770665113,0.016648630650129,0.11284150602075,0.279797661161853,0.0568449152386815,0,0.304990862055152,0.311250307284299,0.0373962212893813,0.00832362235396445
-2.45000003650784,24417,3.27640578285621,25.1873694557071,0.741286808371217,0.016382028914281,34.2302494163902,36.1797108571897,0.356309128885613,0.0122865216857108,0.113924964911116,0.277800304523383,0.0548948123119092,0.00819034350248202,0.303649085610595,0.307514627056458,0.038132231940969,0.0070931908092775
-2.35000003501773,24116,3.25924697296401,25.2653839774424,0.671753192900979,0.00829324929507381,34.1391607231713,36.2290595455299,0.410515840106154,0.0165864985901476,0.114343302008828,0.279815145409057,0.0526003479597524,0.00586396964268147,0.305342609536646,0.309518992833784,0.041173621093617,0.00829256148671309
-2.25000003352761,24310,3.13862607980255,24.8580830933772,0.835047305635541,0.0123406005758947,33.7721102426985,37.0382558617853,0.32496914849856,0.0205676676264912,0.11182853168225,0.277193136892476,0.0583636124055009,0.0071244094263082,0.303324212198221,0.309721361279596,0.0365024299481234,0.00919719462015548
-2.1500000320375,24186,3.01414041180848,25.3535102952121,0.678078227073514,0.00413462333581411,34.052757793765,36.5459356652609,0.339039113536757,0.0124038700074423,0.109939542476904,0.279731722343445,0.0527691905673963,0.00413453785937992,0.304714022202573,0.309647259512505,0.0373770836686859,0.00716093353002677
-2.05000003054738,24046,2.93603925808866,24.9979206520835,0.740247858271646,0.00831739166597355,33.8185145138485,37.2203277052316,0.266156533311154,0.0124760874989603,0.1088650589864,0.27923327703004,0.0552781820185995,0.00588103945899373,0.305087277683184,0.311729711118049,0.0332252626020737,0.00720262313113011
-1.95000002905726,24095,3.18323303589956,24.9802863664661,0.759493670886076,0.0207511931936086,33.5339282008716,37.2193401120564,0.294666943349243,0.00830047727744345,0.113095686032557,0.278883578228029,0.0559297785695234,0.00927925279132431,0.304143651656163,0.311410898292557,0.0349189710533402,0.00586908017396717
-1.85000002756715,23840,3.18372483221477,25.2307046979866,0.746644295302013,0.0125838926174497,33.5906040268456,36.866610738255,0.356543624161074,0.0125838926174497,0.113707424256876,0.281302251689244,0.0557540409295183,0.00726485664611299,0.30589370959311,0.312458996403853,0.0386035819291309,0.00726485664611299
-1.75000002607703,24143,3.23903408855569,25.2992585842687,0.753841693244419,0.00828397465103757,33.4465476535642,36.9548109182786,0.269229176158721,0.0289939112786315,0.113936333506819,0.279782622046599,0.0556674479852402,0.00585741202258799,0.303644434578727,0.310646060814054,0.0333487862260158,0.0109570796084368
-1.65000002458692,24260,3.35119538334707,25.1319043693322,0.725474031327288,0.00412201154163232,33.9323990107172,36.5993404781533,0.239076669414674,0.0164880461665293,0.115545415787628,0.278493904588576,0.0544859400708089,0.00412192658586109,0.303987799038227,0.309270231392447,0.0313547563468979,0.00824334341608154
-1.5500000230968,24168,3.0950016550811,24.7186362131744,0.748924197285667,0.00413770274743462,34.1567361800728,36.9745117510758,0.285501489572989,0.0165508109897385,0.111399483154257,0.277482523812059,0.055458253246607,0.00413761714362898,0.305051736671314,0.310519570775667,0.0343212413929913,0.0082747206431699
-1.45000002160668,24147,3.32546486105934,25.6139479024309,0.749575516627324,0.00414130119683605,33.519691887191,36.5097113513066,0.265043276597507,0.0124239035905081,0.115385340700745,0.280900443470103,0.0555063016795028,0.0041412154440702,0.303784023387754,0.309831992125257,0.0330864754827408,0.00717249848869667
-1.35000002011657,24164,3.15345141532859,25.2441648733653,0.765601721569277,0.0124151630524748,34.1251448435689,36.3598741930144,0.335209402416818,0.00413838768415825,0.11242185126249,0.279459346540956,0.0560722724864982,0.00716745276347279,0.30500901434452,0.309451282660789,0.0371830115649666,0.00413830205200917
-1.25000001862645,24290,3.1700288184438,24.8950185261424,0.749279538904899,0,33.9110745162618,36.9740634005764,0.271716755866612,0.0288184438040346,0.112414607660315,0.277444960786533,0.0553318273535399,0,0.303753550943754,0.309737998401353,0.0334005504741128,0.0108907783096622
-1.15000001713634,24609,3.05172904222033,25.0152383274412,0.678613515380552,0.00406355398431468,33.5771465723922,37.3603153317892,0.276321670933398,0.0365719858588321,0.109646818869716,0.276084386833361,0.0523342079871761,0.00406347142112101,0.30104656366696,0.308377770902946,0.0334625963494168,0.0121884325655098
-1.05000001564622,24475,3.0194075587334,25.4096016343207,0.7926455566905,0.00817160367722165,33.7895812053115,36.6578140960163,0.306435137895812,0.0163432073544433,0.109381011486707,0.27827810754092,0.0566826438336442,0.00577796028285551,0.302338338267825,0.308012580517484,0.0353298256436973,0.00817093589886986
-0.950000014156103,24723,3.35315293451442,25.2275209319257,0.849411479189419,0.00808963313513732,33.430408930955,36.8563685636856,0.266957893459532,0.00808963313513732,0.114490629083463,0.276221572345013,0.0583654887565975,0.00572000306949687,0.300025525198985,0.306810673564909,0.0328163543134584,0.00572000306949687
-0.850000012665987,24602,3.4062271360052,25.0101617754654,0.837330298349728,0.0162588407446549,34.2939598406634,36.2165677587188,0.203235509308186,0.0162588407446549,0.115644813459969,0.276104987512728,0.0580948053992297,0.00812875947070672,0.302639950870921,0.306423719911333,0.0287126196933527,0.00812875947070672
-0.750000011175871,24724,3.19932049830125,25.3761527260961,0.958582753599741,0.00404465296877528,33.675780618023,36.5151270021032,0.246723831095292,0.0242679178126517,0.111920259842211,0.276753001735999,0.0619674837051229,0.00404457117185998,0.300563017334368,0.306204922342105,0.0315507557517898,0.00990613373511529
-0.650000009685755,24637,3.24308966189065,25.4860575557089,0.998498193773593,0.0202946787352356,33.6323416000325,36.3234160003247,0.26788975930511,0.0284125502293299,0.112856496016779,0.27763626228643,0.0633432907082713,0.00907513522174058,0.300997500002224,0.306400386723326,0.0329307520137662,0.0107374088633058
-0.550000008195639,25131,3.21117345111615,25.3710556682981,1.09028689666149,0.011937447773666,34.2684334089372,35.7884684254506,0.230790656957542,0.0278540448052206,0.111208916504217,0.27448463152681,0.0655065884712905,0.00689167730354199,0.299384444858986,0.302394011199058,0.0302693079582969,0.0105263730493194
-0.450000006705523,24383,3.2317598326703,26.2026821966124,1.23446663659107,0.00820243612352869,33.4823442562441,35.5739654677439,0.229668211458803,0.0369109625558791,0.113251090251239,0.281610986628791,0.0707129272590414,0.00579976032974466,0.302226698470221,0.306586671700937,0.030655442054706,0.0123013832771255
-0.350000005215406,24334,3.62866770773403,26.2595545327525,1.29448508260048,0.00821895290539985,33.2004602613627,35.3127311580505,0.258897016520095,0.0369852880742993,0.119878356306244,0.282091372449569,0.0724623613498847,0.00581143849924206,0.301892299488176,0.306385571785003,0.0325757073130719,0.0123261492947017
-0.25000000372529,24159,3.55147150130386,26.8512769568277,1.58119127447328,0.0165569766960553,33.0932571712405,34.6413344923217,0.244215406266816,0.0206962208700691,0.119072779971592,0.285132268734862,0.080258636929145,0.00827780298596438,0.302736805708279,0.306132485963206,0.0317552909632539,0.00925467351605012
-0.150000002235174,23553,3.65558527576105,27.9072729588587,1.82142402241753,0.0169829745679956,32.2379314736976,34.1442703689551,0.186812720247951,0.0297202054939923,0.122283712426425,0.292268029132138,0.0871346273787101,0.00849076619981816,0.304546628040063,0.308981576830235,0.0281367588304755,0.0112315124208589
-0.0500000007450581,23571,3.85643375334097,29.1841669848543,1.92609562598108,0.0084850027576259,31.6320902804293,33.0999957574986,0.254550082728777,0.0381825124093165,0.125419206112531,0.296107788632598,0.0895213558365127,0.00599954844117963,0.302901268995733,0.30650533469859,0.0328204222488832,0.0127250740640279
0.0500000007450581,23192,4.35494998275267,30.0879613659883,2.32838909968955,0.017247326664367,31.390134529148,31.5453604691273,0.228527078302863,0.0474301483270093,0.134015099718376,0.301164143307448,0.0990245443826679,0.00862291962442203,0.304733900960864,0.305140666148746,0.0313547198176789,0.0142973359651614
0.150000002235174,22218,4.80691331352957,30.6103159600324,2.80853362138806,0.0180034206499235,31.6230083715906,29.8991808443604,0.189035916824197,0.0450085516248087,0.143510397892383,0.309192449571179,0.110841246136923,0.00900089998059993,0.311963730425751,0.307141648031855,0.029141292362223,0.014229750348313
0.25000000372529,21782,5.10054173170508,32.22385455881,3.56257460288311,0.0183637866127996,30.7409787898265,28.0644568910109,0.238729225966394,0.0505004131851988,0.149070305810543,0.316649131014353,0.12559024586398,0.00918105019604436,0.312642592719829,0.304439645535891,0.033066246914782,0.0152226022862351
0.350000005215406,21079,5.69761373879216,34.3327482328384,3.98500877650742,0.0332084064708952,29.384695668675,26.2678495184781,0.241946961430808,0.0569286968072489,0.159655116515421,0.327042130256893,0.134728403169888,0.0125495135853794,0.313750924533477,0.303120778945475,0.0338383412973932,0.016429220744869
0.450000006705523,19895,6.49912038200553,37.2606182457904,4.38803719527519,0.0251319426991706,28.303593867806,23.2219150540337,0.226187484292536,0.0753958280975119,0.174768503396291,0.342786077128373,0.145217613498461,0.0112379340345916,0.31937249678673,0.299361317848695,0.033679884789249,0.0194597790247272
0.550000008195639,18883,6.95864004660276,39.9565746968172,5.36990944235556,0.0211830747232961,26.5370968596092,20.9129905205741,0.174760366467193,0.0688449928507123,0.185167479215167,0.356444041053207,0.164044854325279,0.0105904154955966,0.321310746946969,0.295954638224609,0.0303952806343334,0.0190875917016318
0.650000009685755,17633,7.87727556286508,41.5017297113367,6.5332047864799,0.0170135541314581,25.3785515794249,18.3916520161062,0.215505018998469,0.0850677706572903,0.202865549654197,0.371057750567578,0.186092430435052,0.009821944420124,0.327719398884132,0.29175248244889,0.0349218403544225,0.0219550596349246
0.750000011175871,16745,8.13377127500747,44.9567034935802,7.18423409973126,0,23.511495968946,15.9032547028964,0.220961481039116,0.0895789787996417,0.211242523049075,0.384420793781307,0.19955312727332,0,0.327714486047372,0.2826116270599,0.0362856884610062,0.0231188311023514
0.850000012665987,15636,8.49322077257611,47.6528523919161,8.3141468406242,0.0255819902788437,22.5185469429522,12.7142491685853,0.172678434382195,0.108723458685086,0.22294616724044,0.39941845821772,0.220799039418355,0.0127893589392054,0.334045964176694,0.266412258520514,0.0332032755626837,0.0263549732958298
0.950000014156103,14913,9.11285455642728,48.9841078253872,9.53530476765238,0.00670555890833501,21.1225105612553,10.9099443438611,0.221283443975055,0.10728894253336,0.235665463714231,0.409352865954777,0.240505129001279,0.00670533408196461,0.334246446351126,0.255295625804049,0.0384778598771564,0.0268078431254242
1.05000001564622,14333,9.65603851252355,50.3244261494453,10.1165143375427,0.0418614386381079,19.8353450080234,9.66301541896323,0.30000697690644,0.0627921579571618,0.246706452935702,0.417630599496462,0.251876037975873,0.0170862833551502,0.333075580045964,0.246786035189452,0.0456819559702341,0.0209241468619768
1.15000001713634,13764,9.50305143853531,52.7172333623947,9.89537925021796,0.01453065969195,19.4129613484452,8.17349607672188,0.196163905841325,0.0871839581517001,0.24996325757463,0.425554721392012,0.254517366759684,0.0102739814832921,0.337136800872854,0.233515451236098,0.0377147154396389,0.0251568673017158
1.25000001862645,13268,9.46638528791076,54.4392523364486,10.770274344287,0.0452215857702743,17.9077479650286,7.00934579439252,0.180886343081097,0.180886343081097,0.254152442149906,0.432363243089043,0.269132056780398,0.0184574602886773,0.33286554244785,0.221643838578523,0.0368898604737538,0.0368898604737538
1.35000002011657,12879,9.22431865828092,55.6409659135026,11.4605171208945,0.00776457799518596,17.2373631493128,5.9166084323317,0.302818541812252,0.209643605870021,0.254982770598652,0.437771313147995,0.280691671101177,0.00776427654597707,0.332821599574624,0.207898724480519,0.0484163003598556,0.0403036172404127
1.45000002160668,12480,9.35897435897436,56.1858974358974,12.1073717948718,0.0400641025641026,17.1474358974359,4.79967948717949,0.216346153846154,0.144230769230769,0.260716934815902,0.444133291751871,0.292007410078407,0.0179136218136381,0.337400155208216,0.191345402201814,0.0415907735684267,0.0339709934811992
1.5500000230968,12174,10.1856415311319,57.7049449646788,11.409561360276,0.0328569081649417,15.8781008707081,4.46032528339083,0.180712994907179,0.147856086742238,0.274126127664407,0.44774904072918,0.288145108492281,0.0164257549197019,0.331235719699926,0.18709341255807,0.0384933115491831,0.0348242403945879
1.65000002458692,11777,9.91763607030653,58.0198692366477,11.7432283263989,0.00849112677252271,15.7680224165747,4.0757408508109,0.237751549630636,0.229260422858113,0.275427077237155,0.454771174002559,0.296654153757927,0.00849076626870051,0.335822488399283,0.18220075425426,0.04487737593705,0.0440705837172881
1.75000002607703,11434,9.78660136435193,58.42224943152,12.8913765961168,0.0612209200629701,14.9204128039181,3.50708413503586,0.218646143082036,0.192408605912192,0.27787685672767,0.46091467747128,0.313387109802298,0.0231322486481157,0.333199247991923,0.172036941732705,0.0436813963203476,0.0409821690169017
1.85000002756715,11350,9.55066079295154,59.3480176211454,12.6872246696035,0.052863436123348,14.9779735682819,3.09251101321586,0.158590308370044,0.13215859030837,0.275880801322966,0.461047893443704,0.31240953540183,0.0215757023345616,0.334961062187876,0.162493639849705,0.037350441795234,0.0341006454624466
1.95000002905726,11269,9.89440056792972,59.5882509539445,12.6808057502884,0.017747803709291,14.7218031768569,2.75978347679475,0.195225840802201,0.141982429674328,0.281272934966792,0.462265469253997,0.313462501672762,0.0125484786660828,0.333777316354114,0.154318422176039,0.0415816405293917,0.0354703997048523
2.05000003054738,11129,10.0727828196603,58.9271273250067,13.2985892712733,0.0359421331656034,14.637433731692,2.62377572108905,0.224638332285021,0.179710665828017,0.285293739131694,0.466344762081998,0.321875408292697,0.0179678367002122,0.335071994806511,0.151517134657823,0.0448771757053346,0.0401484023301983
2.1500000320375,10798,9.53880348212632,60.3722911650306,13.1042785701056,0.0370438970179663,14.0859418410817,2.51898499722171,0.17595851083534,0.166697536580848,0.282687401079726,0.470702656198878,0.324738734109964,0.0185185175654492,0.334775294393743,0.150799933547565,0.0403321200986283,0.0392582239622997
2.25000003352761,10566,9.80503501798221,60.0700359644142,13.1364754874125,0.0283929585462805,13.9882642438009,2.5742949081961,0.265000946431952,0.132500473215976,0.289307983672184,0.476456331255004,0.328626703381019,0.0163903549108331,0.337446918565422,0.154067354185465,0.0500140706508562,0.0353887725556826
2.35000003501773,10478,9.8014888337469,60.8799389196412,13.2277152128269,0.0477190303493033,13.4567665585035,2.30960106890628,0.162244703187631,0.114525672838328,0.290473496334162,0.47675764851898,0.330973892412352,0.0213355067652142,0.333386278272228,0.146742269124244,0.0393181857949962,0.0330417770951131
2.45000003650784,10640,10.0281954887218,60.0187969924812,13.1578947368421,0.056390977443609,14.1823308270677,2.25563909774436,0.103383458646617,0.197368421052632,0.291201627063666,0.474898456382398,0.327708390879539,0.0230150281934783,0.338213819761503,0.143949396534697,0.0311551684803576,0.0430267968300495
2.55000003799796,10358,10.0308939949797,60.7067001351612,13.5837034176482,0.028963120293493,13.0623672523653,2.23981463603012,0.1351612280363,0.212396215485615,0.295174318779315,0.479887691636149,0.336642518540459,0.0167194435356717,0.331113506782062,0.145394873503479,0.0360989370218772,0.045234910014426
2.65000003948808,10190,9.88223748773307,60.5986261040236,12.9931305201178,0.0588812561334642,13.9744847890088,2.16879293424926,0.13738959764475,0.186457311089303,0.295628126713539,0.484060873055314,0.333078484548879,0.0240310941259311,0.343474461881711,0.144298115329557,0.0366936818382044,0.0427363425378268
2.75000004097819,10246,9.88678508686317,60.5894983408159,13.0197150107359,0.0780792504391958,13.7419480772985,2.34237751317587,0.18543821979309,0.156158500878392,0.294879521501753,0.482755782066934,0.33245584774532,0.0275944046630264,0.340131456423696,0.149418489874816,0.0425029820013987,0.0390091314635529
2.85000004246831,10258,10.14817703256,60.2554104113862,13.3261844414116,0.0487424449210372,13.6673815558588,2.0959251316046,0.243712224605186,0.214466757652564,0.298144029242773,0.48317636855364,0.335556395262994,0.0217929708907787,0.339155425305824,0.14143500795164,0.0486830130398359,0.0456754081582521
2.95000004395843,10067,9.44670706268004,61.2297606039535,13.5094864408463,0.059600675474322,13.2114830634747,2.19529154663753,0.19866891824774,0.149001688685805,0.291502520186104,0.485602023470822,0.340685479330837,0.0243246218115611,0.337486873300935,0.146041387241514,0.0443795706202426,0.0384433978870178
3.05000004544854,9975,10.0050125313283,60.4110275689223,13.4135338345865,0.0200501253132832,13.5839598997494,2.18546365914787,0.120300751879699,0.260651629072682,0.300442610399121,0.489653399482712,0.341224463790961,0.0141761581901764,0.343047235605149,0.146391898412224,0.0347069405308107,0.0510513267060623
3.15000004693866,10185,9.98527245949926,59.9116347569956,13.6180657830142,0.0490918016691213,13.8635247913598,2.23858615611193,0.186548846342661,0.147275405007364,0.297068243790508,0.485606220834028,0.339851083884644,0.0219491315374886,0.342412699098917,0.146585201066175,0.0427573029727739,0.0379983340148668
3.25000004842877,9702,9.68872397443826,60.8843537414966,13.0385487528345,0.0309214594928881,13.8012780869924,2.24695938981653,0.15460729746444,0.15460729746444,0.300312663495221,0.495447304673153,0.341859286504051,0.017849752619772,0.350170399351836,0.150463830552365,0.0398885614373469,0.0398885614373469
3.35000004991889,9662,9.93583109087145,60.8362657834817,13.2581246118816,0.0103498240529911,13.5582695094183,2.0906644587042,0.217346305112813,0.0931484164769199,0.30432988806915,0.496580664162899,0.345002256398859,0.0103492884448425,0.348281447627816,0.145552846524533,0.0473772816865831,0.0310350077440249
3.45000005140901,9725,9.44987146529563,60.8020565552699,13.3264781491003,0.0822622107969152,13.974293059126,2.05655526992288,0.174807197943445,0.133676092544987,0.296628367252727,0.495046472766066,0.344632406536477,0.0290721184787027,0.35158816165357,0.143917323957611,0.0423599003252754,0.0370502888384269
3.55000005289912,9447,9.46332168942521,60.5483222186938,13.1470308034297,0.0423414840690166,14.1314703080343,2.31819625277866,0.201122049327829,0.148195194241558,0.301152950442421,0.502848128070233,0.347663595738015,0.0211662595567883,0.358396476066674,0.154822821325279,0.0460941397682575,0.039577473066859
3.65000005438924,9409,9.88415347008184,59.6769050908704,13.5295993198002,0.0531406100542034,14.3692209586566,2.1681368902115,0.191306196195132,0.127537464130088,0.307679519818125,0.505717917373538,0.352617992804647,0.023758887963285,0.361626147565901,0.150145312207963,0.0450481509947591,0.0367934094662645
3.75000005587935,9352,10.019247219846,60.7249786142002,13.4302822925577,0.0641573994867408,13.3233532934132,2.17065868263473,0.128314798973482,0.139007698887938,0.31048463165515,0.504997992030851,0.352592704625023,0.0261837452122689,0.351403088031449,0.150687797632464,0.0370175195062687,0.0385269932318849
3.85000005736947,9162,9.26653569089718,61.6786727788692,13.152150185549,0.0545732372844357,13.0866623008077,2.46671032525649,0.141890416939533,0.15280506439642,0.302933501135011,0.507916869362009,0.353087848278605,0.0243992332120844,0.352340461017349,0.162046766117629,0.0393253918530201,0.0408076574206667
3.95000005885959,9007,10.0699455978683,60.619518152548,13.2119462640169,0.0333074275563451,13.5228155878761,2.28711002553569,0.0999222826690352,0.15543466192961,0.317085154086443,0.514821495062475,0.356798723996893,0.0192268494810926,0.360324881064067,0.157517705351271,0.033290782626351,0.0415093631582392
4.0500000603497,9122,10.238982679237,61.159833369875,12.5849594387196,0.0438500328875247,13.4619600964701,2.24731418548564,0.142512606884455,0.120587590440693,0.317414858944909,0.510303626892744,0.347275350119259,0.0219202088532114,0.35736551570971,0.155185525784071,0.0394977107750635,0.0363365979848618
4.15000006183982,8942,10.2326101543279,60.1878774323418,12.8382912100201,0.0335495414895996,14.1690896891076,2.19190337732051,0.134198165958399,0.212480429434131,0.320505273910045,0.51766028535923,0.353752197576458,0.0193665872919178,0.368786913174328,0.15483914833149,0.0387136709279565,0.0486945378817476
4.25000006332994,8638,9.51609168789071,60.9979161843019,13.4637647603612,0.0578837693910627,13.6026858068997,2.0259319286872,0.231535077564251,0.104190784903913,0.315724572996884,0.524801182830891,0.367261713634384,0.0258789155314509,0.368855152580488,0.15158680353331,0.0517128464111289,0.034712164053308
4.35000006482005,8763,10.1905740043364,60.1049868766404,13.5570010270455,0.0342348510783978,13.4200616227319,2.29373502225265,0.239643957548785,0.159762638365856,0.323172113207095,0.523104135717814,0.365696093752866,0.0197621168513313,0.364132535646735,0.159921341026983,0.0522319008154677,0.0426642394928566
4.45000006631017,8538,9.56898571093933,60.7636448817053,13.2583743265402,0.046849379245725,13.9494026704146,2.14335910049192,0.105411103302881,0.163972827360037,0.318356395433917,0.528430847028653,0.367012487775424,0.0234192018191974,0.374952863779209,0.156734479605342,0.0351185103835725,0.0437876373566394
4.55000006780028,8552,9.68194574368569,60.9798877455566,13.7511693171188,0.0233863423760524,13.3302151543499,1.94106641721235,0.163704396632367,0.128624883068288,0.319767824775358,0.527477235519658,0.372402490380258,0.016534707510417,0.367551832788861,0.149186640661213,0.0437160138389605,0.0387569118526868
4.6500000692904,8340,10.3597122302158,60.2278177458034,13.621103117506,0.0119904076738609,13.4052757793765,2.0863309352518,0.0959232613908873,0.191846522781775,0.333689423503888,0.535926520626314,0.37560117465155,0.0119896888029304,0.373078797139266,0.156505727614787,0.0338977246942916,0.0479156022484724
4.75000007078052,8221,10.2420630093663,60.3819486680452,12.8208247171877,0.0608198515995621,13.9885658678993,2.2503345091838,0.133803673519037,0.121639703199124,0.33440120106056,0.539433350696433,0.368724533948146,0.0271911919166018,0.382562473263285,0.163575725782708,0.0403163260518007,0.0384424496090556
4.85000007227063,8227,9.82132004375836,60.6904096268385,12.9938008994773,0.0121550990640574,14.2214659049471,1.87188525586484,0.206636684088975,0.182326485960861,0.328107471448697,0.538503517999262,0.370699887023874,0.0121543603094413,0.385070938674912,0.149422359744966,0.0500649507515049,0.0470335602060632
4.95000007376075,8138,10.0024576062915,60.0638977635783,13.0376013762595,0.0368640943720816,14.2172523961661,2.37159007127058,0.135168346030966,0.135168346030966,0.332590501501177,0.54291363744141,0.373255109474138,0.0212795714637372,0.387122996020279,0.168674362334162,0.0407272366546117,0.0407272366546117

