,Concentration (Al)
Distance (nm),Ion Count,Ni ion%,Mo ion%,Nb ion%,Cr ion%,Fe ion%,Al ion%,Si ion%,Ti ion%,H2 ion%,O ion%,H ion%,P ion%,Ni ion% Sigma,Mo ion% Sigma,Nb ion% Sigma,Cr ion% Sigma,Fe ion% Sigma,Al ion% Sigma,Si ion% Sigma,Ti ion% Sigma,H2 ion% Sigma,O ion% Sigma,H ion% Sigma,P ion% Sigma
-4.950000073760748,54437,49.2348953836545,2.0041515880742877,5.2886823300328825,21.134522475522164,20.783658173668645,0.4151588074287709,0.26636295166890167,0.8211326854896487,0.003673971747157264,0.005510957620735896,0.01836985873578632,0.023880816356522217,0.21427527481805092,0.060065075941820104,0.09592406803103434,0.17498168598697458,0.17390869464754038,0.027558568428353126,0.0220907594318196,0.03867845786829324,0.0025978426129858612,0.003181665192090541,0.005808525807554973,0.006622555857631348
-4.850000072270632,56768,49.75866685456595,1.9958427282976323,5.261767192784667,21.02240698985344,20.451662908680948,0.445673618940248,0.24661781285231116,0.7468996617812852,0.0035231116121758736,0.017615558060879367,0.02642333709131905,0.02290022547914318,0.20985201736551884,0.058699393012395684,0.09370799747619453,0.17101782144935035,0.1692887385089123,0.027956753411146826,0.020817292229903833,0.036136940052058794,0.002491172227298041,0.005570037911275131,0.006821574877887736,0.006350652501655957
-4.750000070780516,59650,49.6663872590109,2.0586756077116513,5.081307627829003,20.819782062028498,20.875104777870916,0.4241408214585079,0.20955574182732606,0.7946353730092205,0,0.016764459346186086,0.028499580888516347,0.025146689019279127,0.20471756769682906,0.058139557440431984,0.0899204338216853,0.16624217487045148,0.16640473580673826,0.026608895244060012,0.01872358628977657,0.0363535060241723,0,0.005300943134420302,0.006911178625044549,0.006492030766221032
-4.6500000692903996,62196,49.2571869573606,1.9358158080905525,5.133770660492636,21.30362081162776,20.87594057495659,0.4164254936008746,0.2781529358801209,0.734773940446331,0.0048234613158402466,0.016078204386134155,0.020901665701974402,0.02250948614058782,0.20046605566764936,0.05524665631853613,0.08848972060284054,0.16418098608153778,0.1629656520840798,0.025821489021085553,0.021118144328445523,0.03424476680213481,0.0027847595257971727,0.005083965900084211,0.005796473158458546,0.006015236107061831
-4.550000067800283,65302,48.8943677069615,2.007595479464641,5.097853051973906,21.49245046093535,21.03610915439037,0.46399803987626714,0.24807815993384583,0.7028881198125632,0,0.015313466662583076,0.016844813328841385,0.02450154666013292,0.19561428149846677,0.05488719925522612,0.08607329600607357,0.16074424636338486,0.15949010218096318,0.026594077371689007,0.01946666971972485,0.03269250272849386,0,0.0048421725578550725,0.005078474532117658,0.00612463621182633
-4.450000066310167,68531,48.95886533101808,1.965533845996702,4.878084370576819,21.542075848885904,21.257533087216004,0.4085742218849863,0.2538996950285272,0.677065853409406,0.001459193649589237,0.017510323795070844,0.020428711094249315,0.01896951744466008,0.19095555541495346,0.05302566489802762,0.08228514014353966,0.15704302330974496,0.15628503906574404,0.024367048154435952,0.019223635260468514,0.03132540478310958,0.0014591830033198643,0.005054352503473213,0.005459244985574673,0.005260698488867048
-4.350000064820051,71350,48.75683251576734,1.9831814996496147,4.913805185704274,21.50385423966363,21.351086194814293,0.4470918009810792,0.27610371408549406,0.6937631394533987,0.004204625087596356,0.015416958654519973,0.036440084092501754,0.018220042046250877,0.18712798308843676,0.05219567801212266,0.08092276480443052,0.15381026894845704,0.15341201093320883,0.024976313662007952,0.019644399373257918,0.03107398018588077,0.002427490391120838,0.004648029599389646,0.007145186244487707,0.005052870068706025
-4.250000063329935,73926,48.60130400670941,2.002002002002002,4.913021129237345,21.689256824391958,21.411952493033574,0.3719936152368585,0.25971917863809757,0.6668830993155317,0.002705408110813516,0.020290560831101374,0.035170305440575714,0.025701377052728406,0.1838236593936312,0.0515160138787801,0.07949434522432582,0.15157738291620138,0.15087169901389536,0.02239029723323799,0.01871926100349785,0.029934587865506204,0.0019129865434616995,0.005238468740703949,0.006896251338324524,0.005895542514160327
-4.150000061839819,77020,48.94832511036095,1.9241755388210855,4.755907556478837,21.576213970397298,21.503505582965463,0.39080758244611785,0.23240716696961827,0.5959491041287978,0.0025967281225655675,0.01428200467411062,0.04284601402233186,0.012983640612827837,0.18012423869353267,0.04949958653855414,0.07668915790750565,0.14822100900884158,0.14803963541165727,0.022481715262382726,0.017350729858210776,0.027733512037368697,0.0018361402241148395,0.004305878916702962,0.00745693567466797,0.004105521116750389
-4.050000060349703,80829,48.373727251357806,1.9720644818072723,4.645609867745487,22.145517079266106,21.487337465513615,0.41198084845785543,0.2486731247448317,0.6544680745771938,0.00247435945019733,0.00989743780078932,0.029692313402367963,0.018557695876479978,0.17577477821120502,0.04890484433957218,0.0740300616855878,0.14604985225610223,0.14446995986373284,0.02252985818245708,0.0175182275620882,0.028361865942130648,0.0017496147000475072,0.0034990995192009417,0.006060018213015563,0.004791131847849022
-3.9500000588595867,83621,48.31920211430143,1.9672091938627856,4.732064911924038,21.94783606988675,21.697898853158897,0.3886583513710671,0.26787529448344316,0.6027194125877471,0.002391743700745028,0.021525693306705253,0.033484411810430395,0.019133949605960224,0.17280917772072985,0.04802344125886666,0.07342450786826582,0.14312999280885857,0.14254036605303305,0.021516950384223806,0.017874182505662976,0.026766227363240254,0.0016911979647338269,0.005073108469920592,0.006326899503344244,0.004783029744562644
-3.8500000573694706,86623,48.10500675340268,1.9983145354005287,4.459554621751729,22.201955600706512,21.854472830541543,0.4363737113699595,0.2551285455364049,0.6130011659720859,0.005772139039285178,0.01038985027071332,0.0357872620435681,0.024242983964997748,0.16976230353267074,0.04754798159007628,0.07013305614827742,0.14120931452118562,0.1404124508510854,0.02239561703366456,0.017139896844793626,0.026520324166859365,0.0025813045520152508,0.00346310350391656,0.006426431777320015,0.005289611517426411
-3.7500000558793545,89249,48.12378850183195,1.9428789118085357,4.459433719145313,22.219856805118265,21.952066689822853,0.4044863247767482,0.29804255509865657,0.5456643771919013,0.004481842933814384,0.0067227644007215774,0.029131979069793496,0.013445528801443155,0.1672485462369685,0.04620199800929264,0.06909268703623969,0.1391564425471544,0.13855325439296373,0.021245655260203576,0.0182469088268547,0.024658859276038274,0.002240871249054306,0.002744464817182369,0.005712418891913321,0.003881128890989188
-3.6500000543892384,93065,48.03094611293182,1.9158652554666094,4.483962821683769,22.0437328748724,22.23069897383549,0.4136893569010906,0.27937463063450274,0.5404824584967496,0.004298071240530812,0.01396873153172514,0.023639391822919464,0.019341320582388653,0.1637720499250239,0.04493540626560353,0.06783845659204985,0.13588605687368496,0.13629736691984695,0.02103990646518614,0.017301859818686986,0.024033708254302615,0.0021489894362281734,0.003873958461054355,0.005039339530624817,0.004558352093601458
-3.5500000528991222,95711,47.99761782867173,1.9788739016413994,4.339104178203133,22.187627336460807,22.194941020363384,0.39075968279508105,0.2643374324790254,0.5683777204292088,0.008358495888664835,0.013582555819080357,0.03656841951290865,0.01985142773557898,0.16148810345191886,0.0450181845574476,0.06585463295173018,0.13430705725248185,0.13432287814042343,0.020166185661679336,0.01659677266791939,0.024299641067850715,0.0029550510550443916,0.0037668673445491884,0.006180060782724776,0.004553777800074942
-3.450000051409006,98407,48.11243102624813,1.9896958549696668,4.209050169195281,22.430314916621786,21.979127501092403,0.4237503429634071,0.24083652585690044,0.5497576391923339,0.004064751491255704,0.005080939364069629,0.0315018240572317,0.02438850894753422,0.1592748909703874,0.04451600883326074,0.06400903720928391,0.13296909212612074,0.13200720305120495,0.020707130376742964,0.015625163847364155,0.023570867318517465,0.0020323344396963876,0.002272207434582048,0.005657003383993737,0.004977676440815137
-3.35000004991889,101318,47.919422017805324,2.08452594800529,4.3062437079294895,22.308967804338813,22.129335359955782,0.38295268362975976,0.27339663238516354,0.5379103416964409,0,0.01085690597919422,0.03059673503227462,0.01579186324246432,0.15694604609089294,0.04488342748650899,0.06377460822757976,0.13079221054994153,0.13041508290186868,0.019404215400988134,0.016404341056401726,0.022979492468345054,0,0.0032733026155775057,0.005494495075516101,0.003947654069627331
-3.250000048428774,103500,47.639613526570045,2.0144927536231885,4.161352657004831,22.629951690821258,22.33816425120773,0.41932367149758454,0.22995169082125605,0.5169082125603864,0.001932367149758454,0.008695652173913044,0.020289855072463767,0.01932367149758454,0.15524419211509677,0.04367104683285567,0.06207509942593199,0.13006428940076448,0.12946649513439726,0.020085934898737744,0.014888406572263042,0.022290056957906753,0.0013663767134376153,0.0028984246979533615,0.00442716016655852,0.00432048680550067
-3.1500000469386578,105991,47.79273711918937,2.008661112735987,4.192808823390665,22.617958128520346,22.155654725401213,0.3981470124821919,0.26794727854251776,0.5094772197639422,0.0047173816644809465,0.011321715994754272,0.0264173373210933,0.01415214499344284,0.15343057735191945,0.04309359114087131,0.0615626193027805,0.12850271267502408,0.1275620043393433,0.019342871419769394,0.015878430020483846,0.02186848749755251,0.002109627454168163,0.003268112869690551,0.004991748015316794,0.0036538095511894388
-3.0500000454485416,107208,47.72031937915081,2.0968584433997464,4.154540705917468,22.598127005447356,22.195172002089397,0.4057533019923887,0.2639728378479218,0.5120886501007388,0.0027982986344302664,0.004663831057383778,0.029848518767256176,0.015857025595104844,0.15254730398059252,0.043759189874337294,0.060944382858303954,0.12773160240413284,0.12691674749233145,0.01941487326045445,0.01567083204301202,0.021799379638426666,0.0016155758650681779,0.0020856800179794494,0.005275734966498093,0.003845588679669668
-2.9500000439584255,109646,47.607755868887146,2.0456742608029477,4.204439742443864,22.548018167557412,22.382029440198455,0.4003794028053919,0.2544552468854313,0.5043503638983639,0.003648103897999015,0.00729620779599803,0.02462470131149335,0.01732849351549532,0.15082591172717413,0.0427497573282915,0.06060805690811892,0.12620427290779265,0.12587354879036536,0.01907077355377808,0.015214443162294864,0.021393006290181208,0.0018240186770409293,0.0025795048965797226,0.0047384424555475075,0.003975084600822574
-2.8500000424683094,110803,47.79202729167983,2.0595110240697454,4.1118020270209295,22.43711812857053,22.45065566816783,0.38897863776251546,0.24096820483199916,0.444031298791549,0.009025026398202214,0.013537539597303323,0.032490095033527976,0.01985505807604487,0.1500618795593915,0.04266654091235563,0.05965171264439845,0.12532414378526843,0.12535100495331186,0.01869996581240041,0.014729236121307734,0.019973983350193035,0.002853835147741297,0.003495141091854457,0.005414136095562087,0.0042326923407499635
-2.7500000409781933,111823,47.75940548903178,2.043407885676471,4.138683455103155,22.48195809448861,22.34245191060873,0.4095758475447806,0.25844414834157553,0.5007914293123954,0.0026828112284592617,0.013414056142296307,0.028616653103565454,0.02056821941818767,0.14937156859273315,0.04230861383386265,0.05956446294451632,0.12483975114622108,0.12456375262512073,0.019098989529547066,0.015182939140809357,0.021109244359172632,0.001548901007472766,0.003463262097614492,0.005058033490784217,0.004288329135664161
-2.650000039488077,112767,47.617654100933784,2.024528452472798,4.134188193354438,22.692809066482216,22.305284347371128,0.39373220889089894,0.28288417710855124,0.48684455558807094,0.003547137017035125,0.007981058288329032,0.03015066464479857,0.02039603784795197,0.148725506480183,0.04194011433784008,0.05928379337237345,0.12472774267555499,0.1239677187434958,0.018648881614854687,0.015816055090210952,0.020727379265636968,0.001773537052786072,0.002660246598505708,0.005170016754193027,0.004252434150563233
-2.550000037997961,113508,47.98164006061247,1.9875251083624064,4.146844275293372,22.243366106353736,22.457447933185325,0.3902808612608803,0.2625365612996441,0.47485639778694017,0.004404975860732283,0.00792895654931811,0.02114388413151496,0.022024879303661416,0.14828684879763818,0.04142702571803932,0.05917644007298955,0.12343995224701518,0.12386169250954435,0.018506583428293023,0.015188357816601192,0.020404892801640907,0.001969921704047385,0.002642880733775684,0.004315520968489866,0.004404490738710586
-2.450000036507845,113563,47.66957547792855,2.0719776687829663,4.104329755290015,22.559284273927247,22.377006595458028,0.41122548717451984,0.2439174731206467,0.49311835721141567,0.010566821940244622,0.010566821940244622,0.029939328830693095,0.01849193839542809,0.1482106263762792,0.04226954750949508,0.0588711058976454,0.12403061843095471,0.12367381558184747,0.01899007926951239,0.01463769590913257,0.020786612254200493,0.0030502175775365455,0.0030502175775365455,0.0051337838517576066,0.004034898665788207
-2.350000035017729,113253,47.84950509037289,2.0440959621378685,4.142936610950703,22.33141726929971,22.390576850061368,0.4317766416783661,0.2498830053067027,0.4900532436226855,0.006180851721367204,0.003531915269352688,0.03620213151086506,0.023840428068130647,0.1484373131819869,0.04204758829403822,0.059216310742890695,0.12375306842436858,0.12386967880229661,0.019483415552243234,0.014835432421608199,0.02075056964504642,0.002336070165751355,0.0017659264483372982,0.005652799571566765,0.0045875455778614715
-2.2500000335276127,112833,47.88138221974068,2.0082777201705175,4.074162700628362,22.385295082112503,22.326801556282295,0.45288169241268067,0.2995577534941019,0.4998537661854245,0.009748920971701542,0.009748920971701542,0.032791825086632455,0.019497841943403083,0.14871737684998143,0.04176269465214182,0.05885304204171804,0.12408958996279831,0.12397404828312286,0.01998888921786409,0.01626937079268951,0.020994970860258425,0.0029392669864757004,0.0029392669864757004,0.005390058869390964,0.004156548591818341
-2.1500000320374966,111537,48.262011709118944,2.0360956453912156,4.220124263697248,22.067116741529716,22.170221540833985,0.4016604355505348,0.2474515183302402,0.5217999408268109,0.008965634722110151,0.007172507777688122,0.03406941194401858,0.023310650277486394,0.14962287652446066,0.042288536034302646,0.060199138286773306,0.12417200356995257,0.12437939328249038,0.018938522618881036,0.014876390908286668,0.021572798774269625,0.002835055540187454,0.002535773499690255,0.005525846870288406,0.004571061774703754
-2.0500000305473804,109691,48.168947315641205,2.080389457658331,4.244650882934789,22.14949266576109,22.072913912718455,0.41024331987127477,0.2771421538685945,0.5187298866816785,0.006381562753553164,0.009116518219361661,0.04102433198712748,0.020967991904531823,0.15086659705213032,0.04309448182230516,0.06087192164675653,0.12537966850400734,0.12522428348281425,0.019299346201276935,0.01587315123230304,0.0216898125216558,0.0024119270401196154,0.0028827647774871817,0.006114291777284467,0.004371670148116694
-1.9500000290572643,108846,48.179078698344455,1.9697554342832995,4.2895466990059345,22.21579111772596,22.022857982838136,0.4373151057457325,0.2811311394079709,0.5512375282509233,0.005512375282509233,0.005512375282509233,0.027561876412546166,0.01469966742002462,0.1514521955587983,0.042119185077454456,0.06141566374594233,0.1259999504464403,0.12560712031500712,0.0200004285993204,0.016048591079290075,0.022442066404225535,0.002250355758887972,0.002250355758887972,0.005031393629497101,0.0036746467448016407
-1.8500000275671482,107064,48.34678323245909,2.0062766195920196,4.443136815362774,21.921467533437944,21.91866547112008,0.45393409549428376,0.2484495255174475,0.5846970036613613,0.01214227004408578,0.010274228498841815,0.030822685496525445,0.02335051931554958,0.1527252151871198,0.04285216843673443,0.06297295212606574,0.12643837360163326,0.12643256112150034,0.02054408107526001,0.015214482351423057,0.023300772622811734,0.003367455326657486,0.0030976373077544208,0.005364713875877289,0.004669558584524406
-1.750000026077032,103886,48.69761084265445,1.9608031881100436,4.500125137169589,21.79311938085979,21.634291434842037,0.4861097741755385,0.2820399283830352,0.5583042950926977,0.010588529734516681,0.018289278632346997,0.030802995591321256,0.02791521475463489,0.1550758286266752,0.04301682594125958,0.06431839288711261,0.1280865914166398,0.12774851427131523,0.02157896032358447,0.016453696354410192,0.023117519511539085,0.0031923928102015435,0.00419546456666629,0.005444413050947654,0.005183001669629487
-1.650000024586916,101319,48.914813608503835,1.927575282030024,4.554920597321332,21.629704201581145,21.62378231131377,0.470790276256181,0.2181229581815849,0.5921890267373345,0.009869817112288909,0.011843780534746691,0.025661524491951162,0.020726615935806707,0.15704432429377674,0.04319502038742648,0.06550458955537121,0.1293467692840059,0.12933394761419276,0.021505204296539286,0.014656527148956797,0.024104325630526197,0.003120956188678106,0.0034188024642632722,0.0050319932377387725,0.00452244965299021
-1.5500000230967999,97478,48.93617021276596,1.9419766511417962,4.575391370360491,21.503313568189743,21.45817517798888,0.564229877510823,0.2636492336732391,0.6739982354992922,0.008206980036521061,0.02256919510043292,0.032827920146084245,0.019491577586737523,0.16010996992093587,0.04419877820616566,0.06692540578214694,0.13159065575983628,0.13149025932421926,0.023990873213413373,0.01642429317429941,0.026206411233629982,0.002901486548903355,0.004811225543623948,0.005802258621923948,0.0044712387551585015
-1.4500000216066837,94384,49.32721647736905,1.846711307001187,4.767757246991016,21.31611290049161,21.071368028479405,0.6155704356670623,0.25322088489574507,0.731056111205289,0.007416511273097135,0.00953551449398203,0.028606543481946092,0.025428038650618746,0.16273519766072686,0.04382306434375376,0.06935853066272019,0.1333053930602139,0.13274386685069722,0.025459440894744403,0.016358746109062124,0.027728914413552935,0.0028030738239778925,0.0031783532843201187,0.005504544361062849,0.005189816694320744
-1.3500000201165676,90088,49.65478199094219,1.904804191457242,4.971805345884024,20.90400497291537,20.783012165882248,0.6349347304857472,0.26085605186040317,0.7914483616019892,0.017760412041559363,0.016650386288961903,0.03552082408311873,0.024420566557144127,0.16658127426720806,0.045542363518053505,0.07241855002605864,0.13547480176752177,0.13518544516895173,0.02646353946083549,0.016994163954036433,0.02952244853101844,0.004439708702586534,0.004298753329456392,0.006278138575210374,0.0052058465187405645
-1.2500000186264515,85600,50.38901869158878,1.9252336448598129,5.126168224299065,20.29088785046729,20.376168224299064,0.669392523364486,0.272196261682243,0.8551401869158879,0.011682242990654207,0.011682242990654207,0.040887850467289724,0.03154205607476635,0.17089130913553216,0.046965989869519886,0.07537594420342052,0.13745724293948425,0.13767209243042045,0.02787052130444793,0.017807884215314783,0.03147145902381611,0.0036940338110902737,0.0036940338110902737,0.0069098950706941945,0.0060693141021264645
-1.1500000171363354,81389,50.63092064038138,1.8884615857179716,5.220607207362174,20.210347835702613,19.98795906080674,0.8023197237955989,0.25679145830517636,0.9215004484635516,0.012286672646180687,0.017201341704652963,0.034402683409305926,0.017201341704652963,0.17524779819455572,0.04771240014874754,0.077971271077406,0.14075937302756517,0.1401777367053067,0.03127099040766723,0.017739815463834272,0.033493044749822745,0.0038851483429561346,0.004596856535032602,0.0065003776116972205,0.004596856535032602
-1.0500000156462193,75988,51.26730536400485,1.7581723430015268,5.469284623887982,19.42280360056851,19.646523135231877,0.9475180291624993,0.2658314470705901,1.133073643206822,0.013159972627256936,0.03026793704269095,0.031583934305416644,0.014475969889982628,0.18132511084935182,0.047676726800041105,0.08248580699221776,0.14351243345059417,0.1441360717072035,0.03514422051300813,0.01867895846537079,0.03839565476296017,0.0041612749064127985,0.006310345934555703,0.0064460253977452085,0.004364353220066492
-0.9500000141561031,70859,52.39136877460873,1.7598329076052441,5.853878829788735,18.634189023271567,18.71745296998264,1.1388814406074035,0.2441468267968783,1.1713402672913815,0.021168800011290026,0.01552378667494602,0.03810384002032205,0.014112533340860017,0.18761830611467464,0.04939497317665945,0.0881912647145252,0.14627790020950285,0.14652931446143783,0.03986157994372727,0.018539466228846366,0.04041899213534249,0.005465182111603581,0.0046802344761923825,0.007331690203900195,0.004462459974810018
-0.850000012665987,65486,53.12738600616925,1.8461961335247228,6.115811013040955,17.674006657911615,18.20999908377363,1.36823137769905,0.1862993616956296,1.388082949027273,0.015270439483248329,0.01679748343157316,0.02748679106984699,0.024432703173197325,0.1950044756270728,0.0526039376270591,0.09363733093336724,0.149060222459878,0.1508102419200665,0.04539561994867076,0.01685103304863349,0.045719153285526316,0.004828568249857959,0.005064206431767166,0.006477808331788973,0.006107429551484348
-0.7500000111758709,60464,54.235578195289754,1.7729558084149246,6.388925641704154,16.7703096057158,17.248279968245566,1.7150701243715267,0.2480815030431331,1.529835935432654,0.01653876686954221,0.02315427361735909,0.02646202699126753,0.02480815030431331,0.20260851331511814,0.053668079683429376,0.09945556622899222,0.1519361937712868,0.15364306913277054,0.05280024888681186,0.020230628891166925,0.049914453735859024,0.005229584791760782,0.006187523460078269,0.006614631391313175,0.0064046422807683195
-0.6500000096857548,54793,55.30268464949902,1.6918219480590586,6.95161790739693,15.600532914788385,16.107896994141587,2.08055773547716,0.2628072929023781,1.8962276203164639,0.01825050645155403,0.03467596225795266,0.025550709032175645,0.02737575967733105,0.21239842257245095,0.05509467320666915,0.10865127324183091,0.1550161796573767,0.15704258049462452,0.060976404421497356,0.021871810612010403,0.058267387753363487,0.005770790212539564,0.00795383193644732,0.006827841779498051,0.0070674231756138895
-0.5500000081956387,49940,56.74809771726071,1.6139367240688829,7.360832999599519,14.233079695634762,15.12615138165799,2.472967561073288,0.2523027633159792,2.0865038045654782,0.024028834601521824,0.030036043251902282,0.032038446135362435,0.020024028834601523,0.22169402660804022,0.05638788101092009,0.11685210330625499,0.1563453897494224,0.1603344698483928,0.06949402171301342,0.02244854377204462,0.06395972688025449,0.006935693629374221,0.007754108243989852,0.008008328353516154,0.0063315198971208185
-0.45000000670552254,45303,58.3382998918394,1.4568571617773658,8.156192746617222,12.851246054345186,13.358938701631237,3.1212061011412047,0.2074917775864733,2.36408184888418,0.019866234024236807,0.04856190539257886,0.041939827384499924,0.03531774937642099,0.23162311470396169,0.056293494641646145,0.12858940841530384,0.15723156212375636,0.15983959818748264,0.08169812776475747,0.021378928447664182,0.07137934862300649,0.006621420196649546,0.010350918799842783,0.009619638413208087,0.008827878027137906
-0.3500000052154064,40711,60.013264228341235,1.385374960084498,8.459630075409594,11.296701137284764,12.023777357470953,3.5567782663162286,0.2554592124978507,2.8591781091105597,0.034388740143941436,0.05158311021591216,0.04421409447078185,0.019650708653680824,0.2427871605999794,0.05792932200429247,0.13791964565932785,0.15688803381148891,0.16119339167111163,0.09179274673908826,0.02501782020209087,0.08259725353755186,0.009189196966510655,0.011253453918998138,0.010419057897968943,0.006946892014702389
-0.2500000037252903,36639,61.420890308141594,1.4165233767297143,8.578290892218673,9.508993149376348,10.96645650809247,4.473375365048173,0.25109855618330196,3.185130598542537,0.03548131772155354,0.08187996397281586,0.049127978383689506,0.03275198558912634,0.2543093619552442,0.061736518115660444,0.14630300509630234,0.15324918429575862,0.1632443592572726,0.10799610220938796,0.026145946160976107,0.09174086870060645,0.009839000983004878,0.014943046318638251,0.011576730798574594,0.009453135423047312
-0.15000000223517418,33810,63.025732031943214,1.2215320910973084,9.204377403135167,8.18692694469092,9.544513457556935,4.957113280094647,0.21591245193729666,3.475303164744158,0.023661638568470866,0.06506950606329488,0.041407867494824016,0.03845016267376516,0.26253436304325445,0.05973941947313344,0.15721974186659568,0.14910428827025496,0.15979815801431524,0.11804610060238749,0.025243345096482423,0.09960771687372752,0.008364662759087926,0.013868351068667198,0.01106442660839193,0.010662106000161377
-0.05000000074505806,31158,64.02849990371654,1.1040503241543103,9.660440336350215,6.653186982476411,8.286796328390784,5.86366262276141,0.21824250593747993,3.9829257333590085,0.041722832017459396,0.08344566403491879,0.04493228063418705,0.03209448616727646,0.2718824355257212,0.059196891355194306,0.1673603824012657,0.14118216116957993,0.15617966181889953,0.13310009000710796,0.026436895716234365,0.11078744635008783,0.011569417253803446,0.01635821174094618,0.012005958939367619,0.010147538869831815
0.05000000074505806,28130,65.9971560611447,0.8887308922858158,10.05332385353715,5.517241379310345,6.587273373622467,6.320654105936723,0.17774617845716317,4.276573053679346,0.03199431212228937,0.07820831852115179,0.049768929968005686,0.02132954141485958,0.2824459590777289,0.05595794934506649,0.1792926680581117,0.13612954996004176,0.1479009630666901,0.1450835157046229,0.025114755565089863,0.12063468668616467,0.010663064510933785,0.0166675480036275,0.013297995661124464,0.008706820108024175
0.15000000223517418,25723,66.18201609454573,0.8513781440733973,10.138786300198266,4.649535435213622,5.819694436885277,7.157019010224312,0.2254791431792559,4.74672472106675,0.046650857209501226,0.09330171441900245,0.05053842864362633,0.03887571434125102,0.2949735290708966,0.057285377674592325,0.18819943523321833,0.1312820587850174,0.1459719232231581,0.16072366038868116,0.029573464489067273,0.13257943782159648,0.013463800895424602,0.01903624591342351,0.014013295750271755,0.012291190457573486
0.2500000037252903,24026,67.25214351119621,0.8574044784816449,10.284691584117207,3.7792391575792896,4.607508532423208,7.779072671272788,0.17064846416382254,5.0570215599766914,0.033297261300258056,0.09989178390077415,0.04162157662532257,0.037459418962790314,0.30276367519009434,0.05948155035484956,0.1959693613038882,0.1230257000171891,0.13525378693205817,0.17279768522536154,0.026628063298293585,0.14136376132770104,0.011770399530324325,0.02038013833019503,0.013159158814480312,0.012484134088426696
0.3500000052154064,22189,66.69520933796025,0.7526251746360809,10.48267159403308,3.398080129794042,4.416602821217721,8.67096308981928,0.1352021271801343,5.223308846725855,0.058587588444724864,0.08562801388075172,0.04957411329938258,0.031547163008698004,0.3163966008220512,0.05802030660590408,0.20564619639034773,0.12163003217238903,0.13793247804548942,0.18891621799863723,0.02466772571968653,0.14936703463412349,0.016244512677211706,0.019636001282489966,0.014943452137446857,0.011921825897543925
0.45000000670552254,20662,68.22669635078888,0.7162907753363663,10.12486690543026,2.434420675636434,3.465298615816475,8.556770883747943,0.1839124963701481,6.073952182750944,0.05323782789662182,0.1161552608653567,0.024199012680282645,0.024199012680282645,0.32390837646443527,0.05866748858079845,0.20985931751375841,0.10721608604788739,0.12724065108065694,0.19460076806194518,0.029807099169637596,0.1661661394640971,0.016047535685425923,0.023696319076904164,0.010820817965072605,0.010820817965072605
0.5500000081956387,19037,68.35635866995851,0.5410516362872302,10.096128591689867,2.348059042916426,3.456426958029101,9.061301675684193,0.1365761411987183,5.793980143930241,0.052529285076430114,0.10505857015286023,0.0472763565687871,0.005252928507643011,0.33708034646301427,0.05316698511011423,0.21835713053813874,0.109747766755179,0.1323963830805386,0.20805128694686054,0.026766487901623462,0.1693279201860679,0.016606855019931106,0.023479467125211154,0.015755059992735878,0.005252790539541614
0.6500000096857548,17743,68.63551823254241,0.5861466493828552,10.144845854703263,1.961336865242631,2.7898326100433977,9.395254466550188,0.12962858592120838,6.058727385447781,0.06763230569802176,0.14090063687087867,0.06199628022318661,0.02818012737417573,0.3483212661586344,0.057307712167290345,0.2266630335076065,0.10410252410626107,0.12363214162453516,0.21903636313486247,0.027011904024275616,0.1791040470019042,0.01951716164745614,0.028160267386526855,0.01868678655786393,0.012600760254174764
0.7500000111758709,16411,68.33830967034307,0.46310401559929315,10.115166656510876,1.8280421668393152,2.443483029675218,9.932362439826946,0.16452379501553835,6.428614953384924,0.05484126500517945,0.14014989945768083,0.06093473889464384,0.03046736944732192,0.3631045089685374,0.052998526756125326,0.23537601580744072,0.1045729375604097,0.12052170974950506,0.23347648291217032,0.03163656212025624,0.1914532368807282,0.01827540837371472,0.02920278879082098,0.019263384623332422,0.013623346024034278
0.850000012665987,15249,69.32913633680897,0.4459308807134894,9.659649813102499,1.573873696635845,2.144402911666339,10.05311823726146,0.16394517673290052,6.374188471375172,0.04590464948521215,0.17050298380221654,0.026231228277264082,0.013115614138632041,0.3734222707685296,0.053956354559243316,0.23922187710485723,0.10079046597139706,0.11730738334099838,0.24351334647958273,0.03276214630026176,0.19782882229827822,0.01734634389091406,0.03340986732813151,0.013113893832467947,0.009273531496721266
0.9500000141561031,13798,68.32874329612989,0.44934048412813454,10.182635164516597,1.5437019857950427,1.8480939266560372,10.37106827076388,0.16669082475721117,6.848818669372372,0.05073199014349906,0.11595883461371213,0.06522684447021307,0.028989708653428033,0.39602836654721785,0.05693794320904239,0.2574555011822414,0.10495313415074702,0.11465772450748676,0.25955403595268206,0.034728458839403106,0.21502747101173134,0.019170025400619933,0.028972895713835833,0.021735189431334945,0.014492753166403388
1.0500000156462193,12483,69.2621965873588,0.3765120563966995,9.540975726988703,1.2336778018104622,2.098854442041176,10.141792838260033,0.1682287911559721,6.801249699591444,0.12817431707121685,0.20027237042377632,0.016021789633902106,0.03204357926780421,0.4129762338842997,0.05481644032753018,0.262943754439136,0.09879747172858451,0.12829967668076492,0.27019465715645397,0.03667964004328985,0.22534084528542425,0.03202303686372621,0.04001434496044328,0.011328208496947408,0.01601922245080056
1.1500000171363354,11168,69.98567335243553,0.4656160458452722,9.679441260744985,1.2356733524355301,2.0863180515759314,9.661532951289399,0.13431232091690543,6.49176217765043,0.07163323782234957,0.11640401146131805,0.05372492836676218,0.01790830945558739,0.4336917616379411,0.06441883003299917,0.2797890730671908,0.10453559403340597,0.13524594297724238,0.27955783948237584,0.034655995033684356,0.23314093527619056,0.025317101506958692,0.032265868206150315,0.021927217595612388,0.012661953132455848
1.2500000186264515,9991,70.88379541587429,0.3302972675407867,9.908918026223601,1.1210089080172154,1.641477329596637,9.38844960464418,0.10009008107296567,6.345711140026024,0.050045040536482836,0.16014412971674508,0.07006305675107596,0,0.45450261194478186,0.05740233943515492,0.29891625993679777,0.10532999549103705,0.12712148677059787,0.2917992967695143,0.03163541888535672,0.243893095168106,0.02237522156857485,0.04000396190642331,0.02647206787650942,0
1.3500000201165676,8832,71.36548913043478,0.3283514492753623,9.43161231884058,1.0982789855072463,1.4605978260869565,9.62409420289855,0.14719202898550726,6.283967391304348,0.05661231884057971,0.10190217391304347,0.06793478260869565,0.033967391304347824,0.48101595031136807,0.06087314769420893,0.31099381972122103,0.11089928119004629,0.1276558601736574,0.3138171933980612,0.04079366798295825,0.258222676661519,0.025310631147268583,0.033950080138029706,0.027724836658290352,0.019607751543781547
1.4500000216066837,7893,70.416825034841,0.4307614341821867,9.426073736221968,1.0895730394020018,1.3809704801723046,9.9455213480299,0.13936399341188394,6.803496769289244,0.11402508551881414,0.15203344735841884,0.08868617762574432,0.012669453946534905,0.5137354789586716,0.07371569232325342,0.3288864356256055,0.11684985050333407,0.13135648193088237,0.3368568504295956,0.04199053457759663,0.2834293683556292,0.037986686125358445,0.04385490075954101,0.03350535718962687,0.0126686513457963
1.5500000230967999,6796,70.24720423778693,0.22071806945261918,10.050029429075927,0.9564449676280165,1.6921718658034137,10.050029429075927,0.10300176574455562,6.4155385520894646,0.05885815185403178,0.14714537963507945,0.04414361389052383,0.014714537963507945,0.5545640690960721,0.05692623305016579,0.36471824923042173,0.11806370784150806,0.1564550554211092,0.36471824923042173,0.03891095313019781,0.29722938792924475,0.029420413947158792,0.04649720763600594,0.025480701448784948,0.014713455335543156
1.650000024586916,5663,72.25852021896522,0.35316969803990816,9.376655482959562,0.9535581847077521,1.5716051562775915,9.147095179233622,0.15892636411795866,5.897933957266466,0.10595090941197245,0.12360939431396785,0.052975454705986226,0,0.5949576630421939,0.07883157082079954,0.3873653247253141,0.12914266891714618,0.1652755621783973,0.38307845481542807,0.052933341985259466,0.31305904140429225,0.04323135741761442,0.04669107552272547,0.030577290586207617,0
1.750000026077032,5076,70.60677698975572,0.31520882584712373,10.20488573680063,0.9850275807722617,1.0638297872340425,10.263987391646966,0.039401103230890466,6.245074862096138,0.0591016548463357,0.1182033096926714,0.09850275807722615,0,0.6394196698593257,0.07867791268337047,0.4248832595377266,0.13861614738715922,0.14399679103661017,0.42597158724732254,0.027855298011253655,0.3396292322536264,0.03411227140614076,0.04822777040490161,0.04403007115543063,0
1.8500000275671482,4075,71.75460122699387,0.245398773006135,9.104294478527606,0.7361963190184049,1.6441717791411041,9.54601226993865,0.147239263803681,6.625766871165645,0.024539877300613498,0.1226993865030675,0.049079754601226995,0,0.7052367353394633,0.0775066302215464,0.4506413343731877,0.13391476721760684,0.19920940492912856,0.46032127397356865,0.06006590854401379,0.3896438205176804,0.024536866087975548,0.05483915915564166,0.034696109779320305,0
1.9500000290572643,3393,73.35691128794576,0.17683465959328026,8.930150309460656,0.9136457412319481,1.3557323902151488,8.576480990274094,0.14736221632773355,6.336575302092544,0.05894488653109342,0.08841732979664013,0.05894488653109342,0,0.7589634715586379,0.07212858859569567,0.48958123609506377,0.16334427288174688,0.1985322125170303,0.48071934777021796,0.06585381109392652,0.4182350125052696,0.0416680429603332,0.051025196631302505,0.0416680429603332,0
2.0500000305473804,2731,71.91504943244233,0.18308311973636032,7.726107652874405,0.8787989747345295,1.4280483339436105,10.435737824972538,0.18308311973636032,6.993775173928964,0.03661662394727206,0.10984987184181619,0.10984987184181619,0,0.8599750936022013,0.08180227419400682,0.5109271108173423,0.17859413742591554,0.2270321077261701,0.5850164877469761,0.08180227419400682,0.48803502547372185,0.036609919447729046,0.06338700909450812,0.06338700909450812,0
2.1500000320374966,2280,70.83333333333334,0.21929824561403508,9.298245614035087,1.2719298245614035,1.2280701754385965,10.526315789473683,0.043859649122807015,6.271929824561403,0.043859649122807015,0.17543859649122806,0.043859649122807015,0.043859649122807015,0.951907646592528,0.09796556153055735,0.6081923135892372,0.2346845372147242,0.2306539722333932,0.6427149974254793,0.0438500297238268,0.5077711352170512,0.0438500297238268,0.08764231771455468,0.0438500297238268,0.0438500297238268
2.2500000335276127,1715,70.96209912536443,0.05830903790087463,9.271137026239067,1.1078717201166182,1.3411078717201166,9.329446064139942,0.40816326530612246,7.346938775510205,0.05830903790087463,0.05830903790087463,0.05830903790087463,0,1.0961343154323981,0.05829203570255404,0.7003371619768826,0.2527513813908869,0.2777588534495954,0.7023102412441683,0.1539560523401639,0.6300152102286816,0.05829203570255404,0.05829203570255404,0.05829203570255404,0
2.350000035017729,1424,70.71629213483146,0.21067415730337077,9.410112359550562,0.5617977528089888,1.6853932584269662,10.323033707865168,0.1404494382022472,6.811797752808989,0,0.1404494382022472,0,0,1.205918003210217,0.12150458945932077,0.7737172336710341,0.1980667777065749,0.3411180141588387,0.8062860243031094,0.09924298356150513,0.6676615165945841,0,0.09924298356150513,0,0
2.450000036507845,1181,72.22692633361558,0.2540220152413209,8.63674851820491,0.8467400508044031,1.8628281117696865,9.060118543607112,0.2540220152413209,6.604572396274344,0,0.0846740050804403,0.0846740050804403,0.0846740050804403,1.3032765800077264,0.14647328649906247,0.8174025002793773,0.26662667765738446,0.39343972874498506,0.8352551904289133,0.14647328649906247,0.722703588472266,0,0.08463814905296746,0.08463814905296746,0.08463814905296746
2.550000037997961,820,70.48780487804878,0.24390243902439024,10.487804878048781,0.6097560975609756,1.097560975609756,10.24390243902439,0,6.219512195121951,0.12195121951219512,0.24390243902439024,0.24390243902439024,0,1.592761772059892,0.1722546169251933,1.069982012981284,0.2718585698878092,0.36384038557834364,1.0589068838597644,0,0.8433881202762336,0.12187683632777425,0.1722546169251933,0.1722546169251933,0
2.650000039488077,614,71.33550488599349,0,10.586319218241043,0.4885993485342019,1.3029315960912053,9.446254071661238,0.16286644951140067,6.188925081433225,0,0.4885993485342019,0,0,1.8249074008276915,0,1.2416245578780005,0.28140296934539294,0.45764502848045785,1.1803174717714593,0.16273376806411338,0.97241238895929,0,0.28140296934539294,0,0
2.7500000409781933,427,69.08665105386417,0.234192037470726,7.962529274004685,1.1709601873536302,0.702576112412178,13.583138173302109,0,7.02576112412178,0,0,0,0.234192037470726,2.2364343858936606,0.23391764717442848,1.310068249076772,0.5205943076875806,0.4042050574256141,1.6580032110940293,0,1.2368415552843135,0,0,0,0.23391764717442848
2.8500000424683094,347,71.46974063400576,0.2881844380403458,8.645533141210375,0.5763688760806917,2.5936599423631126,10.662824207492795,0,5.475504322766571,0.2881844380403458,0,0,0,2.424092710102386,0.28776888708439685,1.5086762245442533,0.406378135285241,0.8532678703759023,1.6568664224935878,0,1.2212919939750744,0.28776888708439685,0,0,0
2.9500000439584255,255,70.19607843137254,0,12.156862745098039,0,1.9607843137254901,10.588235294117647,0.39215686274509803,3.1372549019607843,0.39215686274509803,0.7843137254901961,0,0.39215686274509803,2.8643299295077576,0,2.0464191228339796,0,0.868249887784407,1.926810635880399,0.39138717238045445,1.0916494479280308,0.39138717238045445,0.552414395920051,0,0.39138717238045445
3.0500000454485416,190,69.47368421052632,0.5263157894736842,10.526315789473683,0.5263157894736842,2.1052631578947367,9.473684210526317,0,6.315789473684211,0,1.0526315789473684,0,0,3.3409544990275,0.5249289206876595,2.226430060654861,0.5249289206876595,1.0414923069313995,2.1245652540199176,0,1.7646973062234257,0,0.7403950746720493,0,0
3.1500000469386578,111,65.76576576576578,0.9009009009009009,11.711711711711711,0.9009009009009009,1.8018018018018018,12.612612612612612,0,6.306306306306306,0,0,0,0,4.503692808938944,0.8968336074384397,3.0521104497993035,0.8968336074384397,1.262536023737965,3.1511234438001483,0,2.3071786354486985,0,0,0,0
3.250000048428774,69,66.66666666666666,0,13.043478260869565,0,1.4492753623188406,15.942028985507244,0,2.898550724637681,0,0,0,0,5.675043538391657,0,4.0543687314796255,0,1.4387350379788877,4.406935591745889,0,2.019662319890043,0,0,0,0
3.35000004991889,34,70.58823529411765,0,11.76470588235294,0,2.941176470588235,11.76470588235294,0,2.941176470588235,0,0,0,0,7.814248990059665,0,5.525508450751318,0,2.897601076893465,5.525508450751318,0,2.897601076893465,0,0,0,0
3.450000051409006,19,63.1578947368421,0,15.789473684210526,5.263157894736842,0,0,0,15.789473684210526,0,0,0,0,11.066473327112565,0,8.36546751830554,5.122781719918817,0,0,0,8.36546751830554,0,0,0,0
3.5500000528991222,7,85.71428571428571,0,14.285714285714285,0,0,0,0,0,0,0,0,0,13.226001425322165,0,13.226001425322165,0,0,0,0,0,0,0,0,0
3.6500000543892384,7,71.42857142857143,0,14.285714285714285,0,0,14.285714285714285,0,0,0,0,0,0,17.074694419062766,0,13.226001425322165,0,0,13.226001425322165,0,0,0,0,0,0
3.7500000558793545,2,100,0,0,0,0,0,0,0,0,0,0,0,0,0,0,0,0,0,0,0,0,0,0,0
3.8500000573694706,2,100,0,0,0,0,0,0,0,0,0,0,0,0,0,0,0,0,0,0,0,0,0,0,0
3.9500000588595867,1,100,0,0,0,0,0,0,0,0,0,0,0,0,0,0,0,0,0,0,0,0,0,0,0
4.050000060349703,0,0,0,0,0,0,0,0,0,0,0,0,0,0,0,0,0,0,0,0,0,0,0,0,0
4.150000061839819,0,0,0,0,0,0,0,0,0,0,0,0,0,0,0,0,0,0,0,0,0,0,0,0,0
4.250000063329935,0,0,0,0,0,0,0,0,0,0,0,0,0,0,0,0,0,0,0,0,0,0,0,0,0
4.350000064820051,0,0,0,0,0,0,0,0,0,0,0,0,0,0,0,0,0,0,0,0,0,0,0,0,0
4.450000066310167,0,0,0,0,0,0,0,0,0,0,0,0,0,0,0,0,0,0,0,0,0,0,0,0,0
4.550000067800283,0,0,0,0,0,0,0,0,0,0,0,0,0,0,0,0,0,0,0,0,0,0,0,0,0
4.6500000692903996,0,0,0,0,0,0,0,0,0,0,0,0,0,0,0,0,0,0,0,0,0,0,0,0,0
4.750000070780516,0,0,0,0,0,0,0,0,0,0,0,0,0,0,0,0,0,0,0,0,0,0,0,0,0
4.850000072270632,0,0,0,0,0,0,0,0,0,0,0,0,0,0,0,0,0,0,0,0,0,0,0,0,0
4.950000073760748,0,0,0,0,0,0,0,0,0,0,0,0,0,0,0,0,0,0,0,0,0,0,0,0,0

