,Concentration (Nb)
Distance (nm),Ion Count,Ni ion%,Mo ion%,Nb ion%,Cr ion%,Fe ion%,Al ion%,Si ion%,Ti ion%,H2 ion%,O ion%,H ion%,P ion%,B ion%,Mn ion%,Ni ion% Sigma,Mo ion% Sigma,Nb ion% Sigma,Cr ion% Sigma,Fe ion% Sigma,Al ion% Sigma,Si ion% Sigma,Ti ion% Sigma,H2 ion% Sigma,O ion% Sigma,H ion% Sigma,P ion% Sigma,B ion% Sigma,Mn ion% Sigma
-4.950000073760748,18688,46.20077054794521,2.054794520547945,2.905607876712329,23.46960616438356,24.004708904109588,0.5886130136986302,0.2889554794520548,0.24079623287671234,0,0,0.037457191780821915,0.01605308219178082,0.021404109589041095,0.17123287671232876,0.36469618850288477,0.10377539081456541,0.12286669120943787,0.31001910800995264,0.3124353392727065,0.05595663419681451,0.0392650077347653,0.03585253913445771,0,0,0.014154836004833887,0.009267507374888474,0.010700909393458293,0.03024405488708019
-4.850000072270632,20921,45.54753596864395,2.0123321064958652,2.8488121982696812,24.367860044930932,24.02370823574399,0.516227713780412,0.26289374312891356,0.21987476698054587,0,0,0.009559772477415037,0.014339658716122557,0.023899431193537594,0.1529563596386406,0.3443102822771747,0.09708325284035138,0.11501771827310563,0.2968046292936848,0.29537099707910275,0.049545653452081936,0.03540195837102453,0.0323831057972878,0,0,0.0067594568278668095,0.008278412207969653,0.010686873274551766,0.02701843284134983
-4.750000070780516,23736,44.94438827098079,2.1528479946073475,2.8774856757667675,24.502864846646442,24.144759015840915,0.5224132119986519,0.3538928210313448,0.24856757667677787,0.0042130097741826765,0.008426019548365353,0.06319514661274014,0.0042130097741826765,0.008426019548365353,0.16430738119312438,0.3228752581740755,0.09420566322693327,0.10850825442097528,0.27917074248906976,0.2777796760652434,0.04679138819187694,0.03854448774016254,0.03232049793240405,0.004212921025991137,0.005957844540623339,0.016311760128301846,0.004212921025991137,0.005957844540623339,0.02628861388981238
-4.6500000692903996,27243,46.23573027933781,1.897735198032522,2.7860367800902983,23.88503468780971,23.70884263847594,0.5726241603347648,0.3707374371398157,0.3009947509451969,0.011012003083360864,0.003670667694453621,0.02202400616672173,0.033036009250082585,0.007341335388907242,0.16518004625041297,0.30207046990266245,0.0826665585272605,0.09970806358208294,0.25832741603626147,0.2576705672504374,0.04571517193121515,0.03682130821463141,0.03318924769931297,0.006357432875230769,0.003670600324828771,0.00899027269406368,0.011010183969929213,0.0051909174846380855,0.024603242431296978
-4.550000067800283,30270,45.794516022464485,1.9557317476048892,2.8873472084572183,24.05682193591014,23.984142715559962,0.548397753551371,0.30393128510075984,0.2477700693756194,0.009910802775024777,0,0.013214403700033038,0.019821605550049554,0.013214403700033038,0.16518004625041297,0.2863664524890372,0.07959018921381884,0.09624567091007694,0.24567292697351617,0.24541889041507886,0.04244705023094213,0.03163883687513074,0.028574557731141613,0.005721721094722196,0,0.0066067652844307885,0.008091334544613969,0.0066067652844307885,0.023340685172459158
-4.450000066310167,33919,45.564432913706185,1.978242283086176,2.889236121347917,23.859783602110912,24.44352722662814,0.5395206226598661,0.2653380111441965,0.2211150092868304,0.0029482001238244054,0.0029482001238244054,0.035378401485892864,0.008844600371473216,0.014741000619122025,0.1739438073056399,0.2704162840404096,0.07561003919068345,0.09095020516992457,0.23142953550217937,0.23334379425668886,0.03977477934368871,0.027931951217655505,0.025503918684298073,0.002948156664084232,0.002948156664084232,0.010211058076718946,0.0051062065785815,0.006591889979151801,0.022625851002705456
-4.350000064820051,37929,45.782910174272985,1.8930106251153471,2.9317936143847714,24.606501621450604,23.462258430224896,0.5220279996836193,0.30847109072213874,0.26365050489071684,0.0026365050489071686,0,0.018455535342350178,0.013182525244535842,0.013182525244535842,0.18191884837459463,0.2558197689961166,0.06997466110214406,0.08662026407220035,0.22115979979648895,0.2175890481316834,0.03700195443087015,0.02847414330943825,0.026330271756001306,0.0026364702928837165,0,0.006974892973753323,0.00589501591797672,0.00589501591797672,0.02188052615745897
-4.250000063329935,42389,46.167637830569255,2.0052372077661658,2.6563495246408264,23.659439949043385,24.138337776309893,0.5709028285640142,0.3326334662294463,0.2406284649319399,0.009436410389487839,0.0070773077921158795,0.035386538960579396,0.0070773077921158795,0.004718205194743919,0.16513718181603718,0.24213856268796966,0.06808598497350692,0.07810338171652326,0.2064207327023632,0.20784437319885038,0.036594115943428304,0.02796616249231686,0.023797085276671185,0.004717982574889368,0.0040859409639317085,0.009135148336111018,0.0040859409639317085,0.003336196181157075,0.019721364568738117
-4.150000061839819,47443,45.840271483675146,1.8927976729970701,2.7106211664523743,24.094176169297896,24.106822924351327,0.5838585249668022,0.2508273085597454,0.26558185612208335,0.0042155850178108465,0.00632337752671627,0.021077925089054234,0.02950909512467593,0.01897013258014881,0.17494677823915014,0.22875771941139275,0.06256284225859339,0.07455573504319885,0.19633942652381983,0.1963745867733364,0.034978098217609284,0.02296444683184394,0.023628473127149104,0.002980805921572009,0.0036506882883615894,0.0066647226595002475,0.007885473687207515,0.006322777721718789,0.01918609886729356
-4.050000060349703,52874,45.822143208382194,2.070961152929606,2.9371713885841815,24.123387676362672,23.692173847259525,0.5257782653099823,0.27234557627567424,0.31395392820668,0.013239021068956386,0,0.04160835193100579,0.01702159851722964,0.01134773234481976,0.15886825282747666,0.21668434034767498,0.061932789142711143,0.0734294090143124,0.18605957777972118,0.1849123478095905,0.03145107586982125,0.022664538571756154,0.024329269131095912,0.005003548378183774,0,0.00886908472207569,0.005673383260499037,0.004632429470193763,0.01732017293597389
-3.9500000588595867,57907,45.541989742172795,1.9617662804151486,2.9081112818830195,24.288946068696358,23.94529158823631,0.562971661457164,0.302208713972404,0.2607629474847601,0.006907627747940664,0.001726906936985166,0.043172673424629146,0.01726906936985166,0.01208834855889616,0.1467870896437391,0.2069528217639545,0.057630957997517475,0.06982829731381766,0.17820441039313517,0.1773403596181586,0.03109222505507856,0.02281028580764411,0.02119290193848438,0.0034536945836075024,0.0017268920258829456,0.008632670603980085,0.00546048767924042,0.004568690127983356,0.015909605784912885
-3.8500000573694706,64088,45.6793783547622,1.9863312944701037,2.741542878542005,24.350892522781177,23.8172512794907,0.6459867681937336,0.27930345774559984,0.24653601298214953,0.0031207090250905,0.007801772562726251,0.024965672200724,0.029646735738359756,0.014043190612907252,0.17319935089252278,0.19676783121277594,0.05511639523792821,0.0645019508369079,0.1695395346633077,0.16826189629437913,0.031645805828033786,0.020846946335868297,0.01958916018618437,0.0022066400815375655,0.003488922652180509,0.006240638895562126,0.006800419360907807,0.004680734840757813,0.0164251122782158
-3.7500000558793545,70105,45.632979102774414,1.9984309250410097,2.834319948648456,23.932672419941518,24.149490050638327,0.6575850509949361,0.272448470151915,0.2881392197418159,0.004279295342700235,0.0071321589045003925,0.02995506739890165,0.01569074958990086,0.012837886028100706,0.16403965480350904,0.18811900900837117,0.05285506223809469,0.0626767382315717,0.16114624153066587,0.1616436832720161,0.030525924493605604,0.019686806299928326,0.02024417586978686,0.0024705994542295467,0.0031894846817163685,0.0065357524951565,0.004730567831827054,0.004279020648354265,0.015284225145312464
-3.6500000543892384,77096,45.94401784787797,1.9741620836359866,2.8380201307460826,23.84948635467469,23.96362976029885,0.587579122133444,0.2866555982152122,0.3164885337760714,0.012970841548199646,0.003891252464459894,0.03372418802531908,0.0220504306319394,0.010376673238559718,0.15694718273321573,0.17948181153001355,0.0501009270403983,0.059805343723243067,0.15348290500355088,0.1537344030791946,0.027525649784032748,0.019254885138875362,0.02022901475858586,0.004101474222404876,0.0022465719466719064,0.00661274208730179,0.005347425312963949,0.0036685176567121916,0.014256724752687166
-3.5500000528991222,83202,45.833032859787025,1.9711064637869282,2.995120309607942,24.02826855123675,23.83356169322853,0.5588807961347083,0.26922429749284876,0.2848489219009159,0.0024037883704718637,0.0012018941852359319,0.03725871974231389,0.02043220114901084,0.012018941852359319,0.15264056152496333,0.1727387112088439,0.04819091900942625,0.05909313677265323,0.14812227298438363,0.147709835665217,0.025844950952517185,0.017964074261549733,0.018476554307622288,0.0016997146281584284,0.0012018869624660668,0.006690616844951576,0.004955030388069752,0.003800494721642941,0.013534318317035393
-3.450000051409006,90844,45.89075778257232,1.9638060851569723,2.8213200651666592,24.15129232530492,23.76271410329796,0.5911232442428779,0.31372462683281227,0.272995464752763,0.004403152657302629,0.0022015763286513143,0.022015763286513144,0.014310246136233542,0.017612610629210514,0.17172295363480253,0.16532944816973472,0.04603566250204865,0.05493682446979436,0.14200255409813922,0.1412159039892611,0.025433344712701558,0.018554269745335132,0.017311550980816787,0.0022015278587344486,0.0015567324146799992,0.0049223323945098586,0.003968664176613572,0.004402764885161207,0.013737029736569373
-3.35000004991889,97206,45.780095878855214,1.9000884719050264,2.8022961545583605,24.248503178816122,23.834948459971606,0.5750673826718515,0.30450795218402155,0.33022652922659096,0.0072012015719194284,0.008229944653622204,0.023661090879163838,0.019546118552352734,0.0072012015719194284,0.15842643458222744,0.15979794330429384,0.04378997358072751,0.05293445937634106,0.13746481151014578,0.1366590642160031,0.024252721752459856,0.017672196981533876,0.018400989580080285,0.002721700354306328,0.002909605099847681,0.004933094785012772,0.0044837488683256085,0.002721700354306328,0.012756249251881046
-3.250000048428774,103867,45.81724705633165,2.0256674400916554,2.8209152088728855,24.075981784397353,23.811220118035564,0.6132842962634908,0.2936447572376212,0.2994213754127875,0.008664927262749478,0.006739387871027371,0.030808630267553698,0.017329854525498956,0.014441545437915794,0.16463361799224008,0.15459884143660185,0.04371207637648387,0.05137391046342216,0.13266085786130885,0.1321592423418894,0.024224582325529737,0.01678934494991732,0.016953190646131634,0.0028881839499315474,0.0025471633491300975,0.005445408823505265,0.004084331933589368,0.003728521741058308,0.012579479600831864
-3.1500000469386578,111073,45.99047473283336,1.9176577566105173,2.9251033104354796,23.822171004654596,23.845579033608526,0.6617269723515166,0.286298200282697,0.31510808207215074,0.008102779253283876,0.006302161641443016,0.03691266104273765,0.020707102536169905,0.012604323282886031,0.15125187939463236,0.14954258212179625,0.041150651361927984,0.05056148516488316,0.12782055933429623,0.12786369353647595,0.024327275327137403,0.016031807065344194,0.016816677333908403,0.0027008169904918725,0.00238191814391337,0.005763725069623569,0.004317282290682576,0.0033684347897747196,0.011660507454904514
-3.0500000454485416,117586,45.84134165631963,1.9645195856649602,2.9255183440205466,23.958634531321756,23.755379041722655,0.661643392920926,0.2797952137159186,0.37079244127702277,0.006803531032605922,0.006803531032605922,0.04252206895378701,0.015307944823363326,0.02211147585596925,0.14882724133825456,0.14530641902370348,0.04047082090996446,0.049144638460734205,0.12447386541432331,0.1241102866282813,0.02364246022463065,0.015404014291813543,0.017724784581996195,0.002405329636734834,0.002405329636734834,0.006012249987114811,0.0036078410220121626,0.004335937737649491,0.011241907109039684
-2.9500000439584255,123479,46.08313964317819,1.9881923242008763,2.9025178370411164,23.873695122247508,23.677710379902656,0.6365454854671645,0.2810194446019161,0.33123041164894435,0.007288688764891197,0.0024295629216303984,0.03968286105329651,0.016197086144202656,0.012957668915362128,0.1473934839122442,0.1418524285734944,0.03972572612052932,0.04777436034942658,0.12131950924095256,0.12097593724269519,0.02263244691184613,0.015064702123118372,0.016351142325669407,0.0024294743783771066,0.0014026917668664102,0.0056678552321017825,0.0036214852424106677,0.003239207345561666,0.01091747719282501
-2.8500000424683094,129975,46.06424312367763,1.981150221196384,2.9228697826505097,23.90536641661858,23.52221581073283,0.6939796114637431,0.2815926139642239,0.39392190805924215,0.006924408540103866,0.006155029813425659,0.03308328524716292,0.013079438353529526,0.011540680900173109,0.16387766878245816,0.13825805582484274,0.03865303424721261,0.046723275957955626,0.11830274028323805,0.11764591458652743,0.023026675022896678,0.014698343189859702,0.017374730405809297,0.0023080562662618257,0.002176064687932559,0.005044319081767219,0.003172022294495844,0.0029796190463046665,0.011219508395282551
-2.7500000409781933,134999,46.42404758553767,1.9089030289113254,2.8992807354128547,23.68313839361773,23.529803924473512,0.6614863813806028,0.28444655145593667,0.3925955007074126,0.007407462277498352,0.0066667160497485166,0.029629849109993407,0.014814924554996703,0.011111193416247528,0.14666775309446736,0.13573479011068135,0.037242725278997815,0.04566580129950215,0.11570832370605161,0.1154489480946833,0.022062463624162133,0.014494943028347886,0.01701975073053319,0.00234235848838655,0.002222164606843389,0.004684196381322105,0.0033124724412368902,0.0028687384150215055,0.01041557678347718
-2.650000039488077,140239,46.42859689530017,1.8696653569976969,3.0212708305107707,23.71736820713211,23.33944195266652,0.7194860202939268,0.281662019837563,0.3964660329865444,0.009982957665128816,0.0071306840465205825,0.02923580459073439,0.018539778520953516,0.014261368093041165,0.14689209135832398,0.13317566898938854,0.03617005568173916,0.04570867899009304,0.11358256679503713,0.11295275260959413,0.02256881649102817,0.014151981665504307,0.016780541195688604,0.002667924484684087,0.0022548398891493143,0.004565198102215508,0.0036356126457121915,0.0031887114495568482,0.010226937392408635
-2.550000037997961,144239,46.383433052087156,2.0022324059373675,3.088623742538426,23.435409285976746,23.316856051414668,0.7695560839994731,0.2835571516718779,0.45133424385915044,0.005546350154951157,0.007626231463057841,0.04229091993150257,0.018718931772960155,0.009012819001795631,0.18580273019086377,0.13130751876425384,0.036882808434469706,0.04555421130495771,0.11153441726617291,0.11133804713705313,0.023009185940849712,0.014001105885896124,0.017649219862043396,0.001960876521899383,0.002299307622212099,0.005413652332615483,0.0036021229125493413,0.0024995935848817308,0.011339159217511009
-2.450000036507845,148404,46.87474731139322,1.9406485000404303,2.9453384005821945,23.57483625778281,22.953559203255978,0.7634565106061831,0.27694671302660306,0.44136276650225065,0.008086035416835126,0.006738362847362605,0.03301797795207676,0.017519743403142773,0.01617207083367025,0.14757014635724106,0.12953799501062604,0.03580924343050529,0.043888728213144226,0.11018430280856169,0.10916376497265307,0.022594626288548275,0.013641844275493451,0.01720737069869083,0.0023341429867555414,0.002130785636170195,0.00471607522395931,0.003435603370838986,0.0033008431958256234,0.009964505917574197
-2.350000035017729,151432,47.02704844418617,1.8655237994611444,3.0937978762744995,23.16221142162819,23.15824924718686,0.7422473453431243,0.28593692218289396,0.44046172539489675,0.00924507369644461,0.011226160917111311,0.02311268424111152,0.026414496275556025,0.011226160917111311,0.14329864229489145,0.1282602605283975,0.03476981438268155,0.044495175704169415,0.1084098167291275,0.1084033387568682,0.02205706466106335,0.013721591830127439,0.0170171448522667,0.002470735659097655,0.0027225911206917113,0.003906305180655905,0.004175946936879029,0.0027225911206917113,0.009720773333716246
-2.2500000335276127,153208,47.38133778914939,1.8752284476006476,3.061197848676309,22.87478460654796,22.93483369014673,0.8517831966999113,0.3054670774372095,0.4771291316380346,0.00652707430421388,0.011096026317163594,0.03459349381233356,0.019581222912641638,0.014359563469270534,0.1520808312881834,0.12756538345056306,0.03465578168128484,0.044010246654650434,0.10730895855374181,0.1074078778575518,0.023478279393027945,0.014098637842192166,0.017605107969331898,0.002063974763966642,0.0026910323669972224,0.004750959844249256,0.003574675796905634,0.003061249403503201,0.009955567620742366
-2.1500000320374966,155089,47.14131885562484,1.9298596289872267,3.154962634358336,23.22601860866986,22.651509778256358,0.9007731044754947,0.28886639284539845,0.4861724558156929,0.009027074776418701,0.00967186583187718,0.025791642218339145,0.011606238998252616,0.014185403220086532,0.15023631592182554,0.12675600060025272,0.034933392314439426,0.04438592732323118,0.10722694150334627,0.10628794239614596,0.023991220405076997,0.013627928243728517,0.017662264837864927,0.0024124783200984096,0.002497144250592887,0.0040774907726534694,0.0027354580108622005,0.003024123613428791,0.009834912162326934
-2.0500000305473804,155152,47.61330823966175,1.9374548829534908,3.25938434567392,22.90270186655667,22.30586779416314,0.8746261730432093,0.2835928637723007,0.5865216046199856,0.005156233886769104,0.010956997009384345,0.03287099102815304,0.025136640197999383,0.015468701660307312,0.14695266577291946,0.12679320404905683,0.03499360539779958,0.04508099801429173,0.10668030532512401,0.10568783046812766,0.023638774875021886,0.013500575162020675,0.01938589931173115,0.001822956973578973,0.0026573165251815908,0.004602102842969397,0.004024577870559037,0.003157291279939556,0.009725024562104709
-1.9500000290572643,153902,47.88956608751023,1.8836662291588153,3.2800093566035526,22.545515977700095,22.32134735091162,0.9895907785473872,0.271601408688646,0.588686306870606,0.011045990305519096,0.008446933763044015,0.03378773505217606,0.019492924068563112,0.011695754441137867,0.14554716637860457,0.12733877391534498,0.03465377090752633,0.04540184820937584,0.10652002023615176,0.10614240238883291,0.025231676960258194,0.013266406481276413,0.01950014055166697,0.002678898195218395,0.002342658960237103,0.004684724184152928,0.0035585578571577198,0.002756554544740255,0.009717699463584355
-1.8500000275671482,152684,47.99782557438893,1.90917188441487,3.3985224385004322,22.441120222158183,22.078279321998377,1.0171334258992428,0.25673940949935814,0.6549474732126483,0.010479159571402373,0.012444001991040319,0.02750779387493123,0.02750779387493123,0.009824212098189726,0.1584972885174609,0.1278570762024479,0.03502191994998036,0.04637033045883795,0.10676803884728403,0.10614880621160147,0.0256786514438423,0.012950641608972668,0.02064332228403575,0.002619652623272671,0.002854672214748841,0.004243960914506433,0.004243960914506433,0.002536476052818526,0.010180514069214044
-1.750000026077032,150574,48.60799341187722,1.856230159257242,3.533146492754393,22.112051217341637,21.652476523171334,1.061272198387504,0.2702989892013229,0.6867055401330907,0.007305378086522241,0.01261838033126569,0.04117576739676172,0.019259633137195,0.008633628647708103,0.13083268027680742,0.12880319629782722,0.034783420453173154,0.0475767624230548,0.10694848954864883,0.10614301777767182,0.026407151725941363,0.013380103582039983,0.02128207533288162,0.002202573911931975,0.0028946723362872477,0.005228250969968068,0.003576079668913645,0.002394434382529839,0.009315342769427536
-1.650000024586916,147717,48.61525755329448,1.8819770236330282,3.6657933751700886,21.696216413818313,21.725326130370913,1.2138074832280643,0.2633413892781467,0.7223271525958421,0.012862432895333644,0.014216373200105607,0.0324945673145271,0.01963213441919346,0.015570313504877569,0.12117765727709065,0.13004334980364474,0.03535625955381028,0.04889438794686903,0.1072427979917174,0.10729476829494614,0.028491006334923623,0.01333434627250333,0.022033197377777612,0.002950654700745329,0.0031020464437718728,0.004689424706693286,0.003645237968406288,0.003246382031706891,0.00905175400951553
-1.5500000230967999,142717,49.22398873294702,1.8967607222685454,3.823651001632602,21.50479620507718,21.09979890272357,1.1897671615855154,0.2732680759825389,0.7847698592319066,0.01261237273765564,0.009108935866084628,0.023823370726682877,0.020319933855111865,0.016115809609226654,0.12121891575635699,0.1323365590610756,0.036108553721406006,0.05076161281437935,0.10875553578462017,0.10800412906323342,0.028700806210038614,0.013818547291768329,0.02335729121052599,0.0029725772892185234,0.0025262491910898062,0.004085187671286387,0.0037729336017251753,0.0033601078107044716,0.009210515979944824
-1.4500000216066837,136777,49.3094599238176,1.9308801918451202,4.024799491142517,21.11758555897556,20.97063102714638,1.2224277473551841,0.2697822002237218,0.9255942154017124,0.008042287811547262,0.00950452195910131,0.03290026831996608,0.02047127806575667,0.016084575623094524,0.14183671231274264,0.13518298911050805,0.0372080804413721,0.05314288185363588,0.110358475328075,0.11007621040198934,0.02971216078854426,0.014025343060746239,0.02589312793129569,0.0024247435032339008,0.002635954821487566,0.004903675569118708,0.003868311905729354,0.0034289672444335075,0.01017605810049326
-1.3500000201165676,131604,49.965046655116865,1.866964529953497,4.325856356949637,20.60727637457828,20.40515485851494,1.3495030546184006,0.2606303759764141,0.9718549588158414,0.010637974529649555,0.026594936324123887,0.028874502294763075,0.015197106470927934,0.011397829853195951,0.15501048600346495,0.13782733330232963,0.037311362209261144,0.05607881063823234,0.11149775001773023,0.1110907436125985,0.03180548553982181,0.014054366676367077,0.027042416958915814,0.002842967055105381,0.004494766908271946,0.0046833864979670715,0.003397918090982556,0.002942739295075963,0.010844489985822678
-1.2500000186264515,123966,50.57354435893713,1.8634141619476308,4.617395092202701,19.949824952002967,19.899811238565412,1.4899246567607247,0.24200183921397803,1.1156284787764388,0.007260055176419341,0.02016681993449817,0.03468693028733685,0.020973492731878096,0.01936014713711824,0.14600777632576675,0.14200058577016106,0.03840775072322402,0.059604879441347715,0.1135009230887987,0.11339396834445276,0.03440893138559896,0.013955066233160831,0.029831310382862762,0.0024199305432100067,0.00403295726576665,0.005288789779937741,0.004112808967223975,0.003951490923150837,0.010844746777907553
-1.1500000171363354,116728,51.249914330751835,1.841032143101912,4.959392776368995,19.356966623260917,19.446919333835925,1.5043519978068673,0.23901720238503188,1.183949009663491,0.006853539853334247,0.017990542115002398,0.02056061956000274,0.035124391748338014,0.016277157151668838,0.1216503323966829,0.14630081358757246,0.039346685579354765,0.06354499231763369,0.11564172359861645,0.11584544475512731,0.0356283518211751,0.014292474191465258,0.031658674240906126,0.0024230092174931024,0.003925504987071708,0.004196487414681262,0.0054845449330484936,0.0037339320271811693,0.010202457788231058
-1.0500000156462193,108858,52.29105807565819,1.9180951331091882,5.280273383674144,18.58659905565048,18.487387238420695,1.557074353745246,0.26640210182072055,1.3659997427841777,0.009186279373128296,0.033070605743261865,0.025721582244759227,0.028477466056697716,0.017453930808943762,0.13320105091036027,0.15138520448937504,0.041571849091177,0.06778260363227297,0.11790106780584556,0.1176576041287519,0.03752465917526971,0.015622818641675845,0.035181022432911796,0.0029048231723918312,0.005510856161043989,0.004860296945804049,0.005113975571182516,0.0040038568845080155,0.011054375554526647
-0.9500000141561031,100564,52.91655065430969,1.8764170080744602,5.909669464221789,17.796627023586968,17.77375601606937,1.7600731872240563,0.22572690028240722,1.5144584543176485,0.014915874468000476,0.022871007517600732,0.029831748936000952,0.02784296567360089,0.011932699574400381,0.11932699574400381,0.15740141411586508,0.042788800274527035,0.07435887710401974,0.1206125220016793,0.12055176234431987,0.041465614799635994,0.014965101798986849,0.03851178522670049,0.0038509749918148074,0.004768389348531577,0.005445694819241381,0.005261093348729167,0.003444468128308744,0.01088651345458045
-0.850000012665987,91696,53.7657040656081,1.8648577909614377,6.4899232245681375,16.976749258419126,16.829523643343222,1.8321409876112371,0.23447042400977142,1.761254580352469,0.015267841563426976,0.03598848368522073,0.030535683126853952,0.030535683126853952,0.01417728145175362,0.11887105217239574,0.1646491895502376,0.044674524853264744,0.08135304084543328,0.12398008752011318,0.12355072854287026,0.04428828971670975,0.015971992403077326,0.043438745656106496,0.004080190783359905,0.006263663478258034,0.005769820561648033,0.005769820561648033,0.003931791661390361,0.011379012620674082
-0.7500000111758709,83840,55.239742366412216,1.8404103053435115,7.148139312977099,15.75739503816794,15.794370229007635,1.8833492366412212,0.22423664122137404,1.8893129770992365,0.009541984732824428,0.026240458015267178,0.029818702290076337,0.029818702290076337,0.021469465648854963,0.10615458015267175,0.17173012110134644,0.04641924373018229,0.08897462674245786,0.12582949988711145,0.1259493951663507,0.0469473575525406,0.01633579160735181,0.04702020058120404,0.0033734400971907686,0.005593750389024962,0.005962851236715498,0.005962851236715498,0.005059858333169455,0.01124638895628533
-0.6500000096857548,75174,56.62064011493335,1.8969324500492193,8.161066326123393,14.37465081012052,14.362678585681218,1.9833985154441693,0.19820682682842472,2.1323861973554687,0.01862346023891239,0.030595684678213213,0.047888897757203286,0.027935190358368583,0.027935190358368583,0.11706175007316359,0.18075700101569578,0.04975461807088866,0.0998511429014488,0.12795757466598306,0.1279132190548251,0.050853515636476276,0.016221635807838038,0.05268883564336589,0.004976865615123499,0.006378665241229506,0.007979571608568251,0.006095106785093461,0.006095106785093461,0.012471518382764201
-0.5500000081956387,68301,58.075284402863794,1.8564881919737632,9.1301737895492,12.882681073483552,13.194535951157377,2.146381458543799,0.19911860734103454,2.30596916589801,0.020497503696871203,0.020497503696871203,0.03221036295222617,0.024889825917629317,0.020497503696871203,0.09077465922900103,0.18880661412789054,0.051649171747648555,0.11021376530305332,0.12818636939858122,0.12949621084021198,0.05545342411492363,0.017057272212778626,0.05743111278233663,0.005477626819432703,0.005477626819432703,0.006866166379722492,0.006035918180962069,0.005477626819432703,0.011523159632668957
-0.45000000670552254,61533,59.636292720978986,1.9241707701558513,9.871126062438043,11.577527505566119,11.593778947881624,2.2183218760665007,0.20639331740691988,2.7042400013001155,0.0195017307786066,0.0682560577251231,0.0195017307786066,0.03087774039946045,0.021126875010157153,0.10888466351388687,0.1977865696279982,0.05537946504642747,0.12024340806475828,0.12898380766008705,0.1290624415424887,0.05937272466315449,0.01829553571231244,0.06539063112603855,0.005629115789547847,0.01052854333741206,0.005629115789547847,0.007082745724787584,0.005858921855247877,0.013295134742730034
-0.3500000052154064,55269,60.64701731531238,1.8382818578226494,11.284807034684905,10.063507572056668,10.403662089055347,2.3756536213790733,0.17369592357379363,2.9799706888128967,0.014474660297816137,0.03980531581899437,0.03437731820731332,0.03256798567008631,0.02352132298395122,0.08865729432412384,0.20780344694699876,0.057139485139197976,0.1345876673160284,0.12796814023036104,0.12986659237178405,0.06477834166455021,0.017712363070017823,0.07232624089089744,0.0051171948374841465,0.008484832635843488,0.007885341950926722,0.0076750977212431916,0.006522873968853915,0.012659712147195492
-0.2500000037252903,49642,62.787558921880674,1.827081906450183,11.905241529350146,8.694250835985658,8.756697957374804,2.3870915756818825,0.15309616856693928,3.2271060795294306,0.022158655976793847,0.056403851577293426,0.0362596188711172,0.03223077232988195,0.022158655976793847,0.09266347044841063,0.21694829644371533,0.06011048379542115,0.14535149559368032,0.12645631143878075,0.12686623359903698,0.0685115087239787,0.017547886917742277,0.07931564309874659,0.006680345897140409,0.010656319459324267,0.008544924529046684,0.008056394449465968,0.006680345897140409,0.013656151814311346
-0.15000000223517418,45384,64.03578353604794,1.6922263352723426,13.108143839238497,7.332980786180151,7.491627005111933,2.573594218226688,0.160849638639168,3.37123215230037,0.011017098536929315,0.06610259122157588,0.048475233562488985,0.02203419707385863,0.028644456196016216,0.05728891239203243,0.22526580948435665,0.06054409194459433,0.15841954120596602,0.12236338567439263,0.1235740297820814,0.07432877774046702,0.01881087934144767,0.08472199341854111,0.004926724835185993,0.012064637276956306,0.010332449270713572,0.0069670572222129586,0.007943404819322172,0.011232061338650907
-0.05000000074505806,41035,64.12818325819423,1.7107347386377485,14.429145851102717,6.416473741927622,6.616303155842573,2.658705982697697,0.14621664432801268,3.6091141708297796,0.0219324966492019,0.10722553917387595,0.04873888144267089,0.041428049226270254,0.017058608504934812,0.04873888144267089,0.23676850696031018,0.06401284988084043,0.17346266975184663,0.12096805408344134,0.12270605973625426,0.07941572320346738,0.018862682282376902,0.09207486212868006,0.007310030448420843,0.016156189492088285,0.010895689015848394,0.01004569629835507,0.006446998019400251,0.010895689015848394
0.05000000074505806,37657,65.12467801471175,1.6676846270281753,15.126005789096316,5.770507475369785,5.5527524762992275,2.6343043789999205,0.12481079215019784,3.701834984199485,0.015933292614918874,0.09028865815120694,0.04779987784475662,0.03717768276814404,0.03717768276814404,0.06904426799798179,0.2455890778089538,0.06599062417815069,0.18464034048857586,0.12016488382472436,0.11801194031474949,0.08253023908068728,0.018194160358541208,0.09729593016217468,0.0065042212412706,0.015477385230603125,0.011263846236784872,0.009934306480493944,0.009934306480493944,0.013536019649185629
0.15000000223517418,34721,66.49578065147892,1.6416577863540796,15.4085423806918,4.818409608018202,4.818409608018202,2.4452060712537085,0.14112496759885948,3.9889404107024564,0.017280608277411364,0.06048212897093978,0.06048212897093978,0.025920912416117048,0.03168111517525417,0.04608162207309697,0.2533090369106298,0.06819472826221779,0.19375277013298958,0.11492968708247044,0.11492968708247044,0.0828869059319977,0.020146478736876354,0.10502514582441376,0.0070541692067493745,0.013194290676184819,0.013194290676184819,0.008639184243295062,0.0095507023901328,0.011517750817540603
0.2500000037252903,31994,67.26573732574857,1.5659186097393263,16.084265799837468,4.125773582546728,4.053885103456898,2.4535850471963494,0.08751640932674877,4.097643308120272,0.021879102331687193,0.07188847908982934,0.046883790710758266,0.034381446521222735,0.025004688379071077,0.06563730699506158,0.26233966813126447,0.0694101637249939,0.2053941404791639,0.11119092970220756,0.11025927803421122,0.08649120430467588,0.01653180799136377,0.11082747664006244,0.008268618684481812,0.014984395162288168,0.0121025046542,0.010364613957464096,0.008839387019265375,0.014318533188878714
0.3500000052154064,29565,67.56976154236428,1.4036867918146456,16.763064434297313,3.646203280906477,3.740909859631321,2.482665313715542,0.07441231185523423,4.045323862675461,0.02705902249281245,0.09808895653644512,0.030441400304414005,0.030441400304414005,0.020294266869609334,0.06764755623203111,0.27224651085036844,0.06841896543194684,0.21724300773710895,0.10900989296347599,0.11036225261140113,0.09049218152238042,0.015858854428055687,0.1145831555998606,0.009565514718382878,0.018205726477828154,0.010145588852493444,0.010145588852493444,0.008284259012950192,0.015121336221050727
0.45000000670552254,27332,68.13990926386653,1.5659300453680667,17.159373627981854,3.2343041123957263,3.0330747841358114,2.403775793941168,0.0658568710668813,4.138006732035708,0.01829357529635592,0.10976145177813551,0.04024586565198302,0.021952290355627103,0.02926972047416947,0.04024586565198302,0.28183087798145035,0.0750971047142531,0.2280534760787779,0.10700779930093443,0.10373317375089919,0.09264623623645822,0.015517501177480693,0.12047116716459921,0.008180387237507223,0.020028606792782594,0.012132142986290007,0.008961001274974636,0.010346894329341572,0.012132142986290007
0.5500000081956387,25436,68.38339361534833,1.238402264506998,17.59317502752005,3.184462965875138,2.716622110394716,2.2330555118729363,0.055040100644755466,4.277402107249568,0.023588614562038056,0.16905173769460607,0.023588614562038056,0.03145148608271741,0.04324579336373644,0.027520050322377733,0.29154697708666305,0.06934266270009988,0.23874225650645325,0.1100946518759969,0.10193176124185135,0.0926448692511388,0.014706036873138073,0.12687406938900067,0.009628875709219964,0.025758348199056192,0.009628875709219964,0.011118030738266947,0.01303627756900671,0.010400169955841865
0.6500000096857548,23790,68.89029003783102,1.2063892391761244,17.398066414459855,2.7406473308112655,2.328709541824296,2.4968474148802016,0.08406893652795291,4.522908785203867,0.008406893652795292,0.1471206389239176,0.04623791509037411,0.03362757461118117,0.05044136191677175,0.04623791509037411,0.30014406953206296,0.07078006149133238,0.24578104022587166,0.10585101899126836,0.09777861992366203,0.1011598343407672,0.01879048222435737,0.13472906111619834,0.005944321628451248,0.02484962712947445,0.013938032503670358,0.011887143837908003,0.014557494051789691,0.013938032503670358
0.7500000111758709,22128,68.55567606652205,1.3421908893709327,18.243853940708604,2.7295733911785973,2.2460231381055675,2.2640997830802605,0.07230657989877079,4.2841648590021695,0.027114967462039046,0.08586406362979031,0.04971077368040492,0.009038322487346349,0.036153289949385395,0.05422993492407809,0.3121201151386208,0.0773573876647785,0.2596255427087878,0.10953848167985869,0.09961007082138149,0.10000086552415607,0.018070108491031262,0.13613001814534706,0.011068138246092221,0.019690108359452417,0.014984636333872575,0.006390770292560128,0.012779807455696693,0.015650588384550454
0.850000012665987,20739,69.32349679348087,1.1861709822074353,18.351897391388206,2.3482327981098416,1.870871305270264,2.246974299628719,0.033752832827040835,4.358937267949274,0.024109166305029173,0.07714933217609335,0.033752832827040835,0.038574666088046675,0.05304016587106418,0.05304016587106418,0.3202205885143377,0.07517762582153557,0.2687940362440746,0.10515180270575439,0.0940864370390589,0.10291300300897537,0.012755218503170034,0.1417811844766941,0.010780647150670968,0.01927989158416824,0.012755218503170034,0.01363557328688783,0.015987970018071417,0.015987970018071417
0.9500000141561031,19181,68.95886554402794,1.2929461446222823,18.4349095459048,2.3773525884990354,2.012408112194359,2.0176216047129976,0.08341588029821177,4.551378968771179,0.02606746259319118,0.11991032792867942,0.04692143266774412,0.02606746259319118,0.01564047755591471,0.03649444763046765,0.3340628823244664,0.08156966709587984,0.27998646922857967,0.1099984249262469,0.10139299446147484,0.10152154671648976,0.02084527049861008,0.1504945267915767,0.011656204136450458,0.02498803666222974,0.015636807757311022,0.011656204136450458,0.009029327729332563,0.013791087486818222
1.0500000156462193,17691,69.41382623933073,1.1079079758069075,18.393533435079984,2.36843592787293,1.8427448985359787,2.001017466508394,0.06217850884630603,4.53337855406704,0.028262958566502745,0.12435701769261207,0.033915550279803294,0.028262958566502745,0.028262958566502745,0.033915550279803294,0.34642512043621837,0.07869668440422435,0.2912853742542812,0.11432724873559723,0.10111547354957441,0.10528343159963512,0.018741696433799106,0.1564085818249745,0.012637793034235713,0.02649651473621925,0.013843617255073387,0.012637793034235713,0.012637793034235713,0.013843617255073387
1.1500000171363354,16378,70.11234582977166,1.2333618268408841,18.26230308951032,2.1003785566003175,1.5936011723043109,1.740139211136891,0.07326901941629015,4.634265478080351,0.018317254854072536,0.13432653559653193,0.024423006472096716,0.024423006472096716,0.024423006472096716,0.024423006472096716,0.3576948854024702,0.08624222522725879,0.3018968197176667,0.11204922595749071,0.09785230413098564,0.10217617377457273,0.021143194077138352,0.16426922198603777,0.010574503408374888,0.02861927258953353,0.012210011936874933,0.012210011936874933,0.012210011936874933,0.012210011936874933
1.2500000186264515,14777,69.005887527915,1.2384110441902958,19.48974758069974,2.0301820396562227,1.542938350138729,1.7662583745009137,0.06090546118968668,4.554375042295459,0.020301820396562222,0.15564728970697705,0.06767273465520741,0.013534546931041485,0.02706909386208297,0.02706909386208297,0.3804429483213005,0.09097735489106448,0.3258633850979345,0.11601669904382918,0.10139220910788574,0.10835883407713051,0.02029563699624049,0.1715138800343521,0.011720071595873965,0.03242943614391626,0.021392755492979237,0.009569722240207471,0.01353271496745282,0.01353271496745282
1.3500000201165676,13564,69.87614273075789,1.2090828664110882,19.094662341492185,2.115895016219404,1.5555883220289,1.4671188439988203,0.03686228251253318,4.3718667059864345,0.029489826010026542,0.14744913005013272,0.022117369507519906,0.029489826010026542,0.014744913005013271,0.029489826010026542,0.39393617313452384,0.09384100527936408,0.33748205760859007,0.12356892096843734,0.1062549033251144,0.10323556716575405,0.016482275189213174,0.17556276201084176,0.014742738720107987,0.03294631138270403,0.012768057025494743,0.014742738720107987,0.010425459276391387,0.014742738720107987
1.4500000216066837,12208,69.89678899082568,1.1549803407601573,19.307011795543904,1.957732634338139,1.4990170380078638,1.2860419397116645,0.0163826998689384,4.587155963302752,0.024574049803407598,0.12287024901703801,0.049148099606815196,0.049148099606815196,0.024574049803407598,0.024574049803407598,0.41515738104552485,0.09670355320529303,0.3572343153794529,0.12538948049574403,0.10997685764265078,0.10197520534401114,0.011583369220563824,0.1893445955393974,0.014186090899236272,0.03170546561870901,0.020059696346455626,0.020059696346455626,0.014186090899236272,0.014186090899236272
1.5500000230967999,11089,69.8620254306069,1.2264406168274866,19.58697808639192,2.0560916223284336,1.1813508882676527,1.307602128235188,0.03607178284786726,4.49995491027144,0.027053837135900444,0.15330507710343583,0.01803589142393363,0.009017945711966815,0.009017945711966815,0.027053837135900444,0.4357440098006934,0.10451952390390241,0.3768779410133156,0.13476085419504286,0.10260362876489797,0.10787814452422298,0.018032638196738345,0.19686099582135339,0.015617427167626652,0.03715343086185144,0.01275215099297359,0.009017539086074961,0.009017539086074961,0.015617427167626652
1.650000024586916,9893,69.52390579197413,1.1321136156878602,19.74123117355706,2.193470130395229,1.2635196603659153,1.314060446780552,0.07075710098049126,4.467805519053877,0.04043262913170929,0.11118973011220055,0.010108157282927322,0.030324471848781967,0.07075710098049126,0.030324471848781967,0.46278868317085253,0.10636742045396297,0.40019288146366666,0.1472603346752389,0.11229639599005946,0.11449098907082274,0.026734207186555177,0.20771028548383139,0.020212227158905093,0.03350632168648803,0.010107646395798395,0.017505187203343087,0.026734207186555177,0.017505187203343087
1.750000026077032,8773,70.11284623275961,1.2310498119229454,19.844978912572667,1.6983927960788785,1.3222386868802007,1.1854553744443177,0.05699304684828452,4.251681294882024,0.022797218739313806,0.17097914054485353,0.022797218739313806,0.011398609369656903,0.022797218739313806,0.04559443747862761,0.4887277659212945,0.1177264280464626,0.42581075111090577,0.13795114646051457,0.12195244430210068,0.11555240185445768,0.025480801151815387,0.21541297808866317,0.016118230394450043,0.044108867353223925,0.016118230394450043,0.011397959709665513,0.016118230394450043,0.02279202101495548
1.8500000275671482,7905,69.7280202403542,1.3788741302972802,19.595192915876027,1.9101834282099934,1.4041745730550286,1.1258697027197977,0.07590132827324478,4.604680581910183,0,0.1391524351676154,0,0.012650221378874131,0.012650221378874131,0.012650221378874131,0.5167412629909106,0.13115847330080882,0.44644179101109,0.15395668829631615,0.13233931388854905,0.11866823070937535,0.030974825663461387,0.23572864011072148,0,0.04192683624227248,0,0.012649421213062971,0.012649421213062971,0.012649421213062971
1.9500000290572643,7076,70.56246466930469,1.158846806105144,19.530808366308648,1.7241379310344827,1.5262860373092142,0.9892594686263425,0.014132278123233465,4.2962125494629735,0.02826455624646693,0.1554550593555681,0.014132278123233465,0,0,0,0.5418058397038514,0.12722955372118724,0.4712821777522478,0.15474460692285694,0.14574182797535942,0.1176528224315585,0.014131279481524752,0.24105354913272267,0.01998323470399633,0.04683501776677256,0.014131279481524752,0,0,0
2.0500000305473804,6027,70.08461921353909,1.0452961672473868,19.91040318566451,1.841712294673967,1.2775842044134729,1.0287041645926662,0.049776007964161276,4.529616724738676,0.016592002654720425,0.09955201592832255,0,0.049776007964161276,0.049776007964161276,0.016592002654720425,0.5898044309830367,0.13100482910042574,0.5143721961662959,0.17319038787264032,0.1446611982991409,0.12997184427968037,0.02873103834476267,0.2678640710837127,0.016590626124859117,0.040621705342186135,0,0.02873103834476267,0.02873103834476267,0.016590626124859117
2.1500000320374966,5325,69.93427230046947,1.2018779342723005,19.943661971830988,1.6713615023474178,1.295774647887324,0.8262910798122065,0.056338028169014086,4.807511737089202,0.03755868544600939,0.07511737089201878,0.07511737089201878,0,0.07511737089201878,0,0.6283781624860463,0.14932919355743685,0.5475710847306808,0.17567720129295225,0.15497898258270656,0.1240523522929598,0.032517611966104004,0.2931579729586657,0.026553013284875256,0.037544576247372535,0.037544576247372535,0,0.037544576247372535,0
2.2500000335276127,4654,69.27374301675978,1.2032660077352815,20.756338633433604,2.019767941555651,1.2032660077352815,1.1173184357541899,0.04297378599054577,4.039535883111302,0.04297378599054577,0.15040825096691018,0,0.021486892995272885,0.021486892995272885,0.10743446497636443,0.6762791013247986,0.15982287123359548,0.5944898593971115,0.2062086028399962,0.15982287123359548,0.15407614738799905,0.03038052555146189,0.2886015874348501,0.03038052555146189,0.05680620645019108,0,0.021484584438403984,0.021484584438403984,0.048020337363107186
2.350000035017729,3980,70.17587939698493,1.3567839195979898,19.09547738693467,1.7587939698492463,1.507537688442211,0.9045226130653266,0.02512562814070352,4.949748743718593,0.02512562814070352,0.12562814070351758,0.02512562814070352,0,0.05025125628140704,0,0.7251639721969384,0.1833780792202886,0.6230316708071728,0.20835925244522815,0.19314970562871472,0.15007041910616506,0.02512247145645955,0.3438164688576853,0.02512247145645955,0.056147310823559234,0.02512247145645955,0,0.035524075067377536,0
2.450000036507845,3285,71.20243531202435,1.06544901065449,18.995433789954337,1.187214611872146,1.491628614916286,1.06544901065449,0,4.71841704718417,0.06088280060882801,0.091324200913242,0,0.06088280060882801,0.030441400304414005,0.030441400304414005,0.7900555318014763,0.17913178016189896,0.684402632376976,0.1889746285730286,0.2114945768394756,0.17913178016189896,0,0.3699431217490801,0.04303753395480576,0.05270197065869089,0,0.04303753395480576,0.030436766557480333,0.030436766557480333
2.550000037997961,2698,69.42179392142329,1.0748702742772425,19.792438843587842,1.8161601186063752,1.6679021497405486,0.6671608598962194,0.037064492216456635,5.114899925871016,0.037064492216456635,0.3335804299481097,0.037064492216456635,0,0,0,0.8870190457784273,0.19852278898636155,0.7670723682644216,0.25708462311299257,0.2465539495413729,0.15672588524159226,0.03705762269694319,0.42412767116025335,0.03705762269694319,0.11100786188769321,0.03705762269694319,0,0,0
2.650000039488077,2125,69.69411764705883,0.9411764705882352,18.729411764705883,2.4941176470588236,1.5529411764705883,1.411764705882353,0.047058823529411764,4.941176470588235,0,0.18823529411764706,0,0,0,0,0.9969699340805691,0.20946074618638563,0.8463486450056564,0.33829408846603354,0.26822509541711503,0.25592590012456634,0.04704774956207891,0.47014512009670256,0,0.09402902401934052,0,0,0,0
2.7500000409781933,1556,71.97943444730078,1.3496143958868894,17.994858611825194,1.5424164524421593,1.2210796915167095,0.7712082262210797,0,5.141388174807198,0,0,0,0,0,0,1.1385126672241401,0.2925158802745445,0.9738452804653651,0.31240689793732945,0.27841930513549407,0.22176851176621215,0,0.5598527080422419,0,0,0,0,0,0
2.8500000424683094,1265,70.0395256916996,0.7905138339920948,18.893280632411066,1.5810276679841897,1.5810276679841897,1.2648221343873518,0,5.533596837944664,0,0.15810276679841898,0.07905138339920949,0,0,0.07905138339920949,1.2879549651038813,0.248992390437999,1.1006185864659754,0.35072270761605884,0.35072270761605884,0.31419945127812915,0,0.6428315510515304,0,0.1117071276488983,0.07902013161565995,0,0,0.07902013161565995
2.9500000439584255,1019,71.6388616290481,1.0794896957801767,19.7252208047105,1.1776251226692835,0.9813542688910697,1.2757605495583906,0.09813542688910697,3.8272816486751715,0,0,0,0.09813542688910697,0,0.09813542688910697,1.4120467495669613,0.3237168700387971,1.2465606243827445,0.337943488051152,0.30880498829029596,0.35156804220287236,0.0980872622595117,0.6010132759349662,0,0,0,0.0980872622595117,0,0.0980872622595117
3.0500000454485416,803,66.99875466998755,0.7471980074719801,21.419676214196762,1.86799501867995,1.61892901618929,1.4943960149439601,0,5.47945205479452,0,0.37359900373599003,0,0,0,0,1.6593605347830493,0.30390053733714933,1.4477900418752843,0.47778820070193223,0.4453607133052405,0.4281594628000181,0,0.8031079190167237,0,0.2152941865151172,0,0,0,0
3.1500000469386578,646,70.43343653250774,1.08359133126935,17.3374613003096,2.1671826625387,1.08359133126935,2.1671826625387,0,5.263157894736842,0,0.30959752321981426,0.15479876160990713,0,0,0,1.795451197409332,0.4073340094865837,1.489466921954404,0.5728933485337503,0.4073340094865837,0.5728933485337503,0,0.878549816959985,0,0.21857936226753932,0.15467890192363493,0,0,0
3.250000048428774,507,70.21696252465483,1.183431952662722,18.93491124260355,2.1696252465483234,0.39447731755424065,1.5779092702169626,0,5.522682445759369,0,0,0,0,0,0,2.030960765188999,0.48026678171277243,1.7399813305211898,0.6470312281078026,0.2783868698634073,0.5534562897002763,0,1.0144597800425315,0,0,0,0,0,0
3.35000004991889,473,72.3044397463002,0.42283298097251587,17.758985200845668,1.9027484143763214,1.2684989429175475,1.0570824524312896,0,4.862579281183932,0,0.21141649048625794,0,0,0.21141649048625794,0,2.0575812313186996,0.29835528846543474,1.7572062228915952,0.6281864058419364,0.5145675018919511,0.4702363715187659,0,0.9889594023401279,0,0.21119288757812413,0,0,0.21119288757812413,0
3.450000051409006,363,74.65564738292011,0.8264462809917356,15.702479338842975,1.6528925619834711,1.3774104683195594,1.1019283746556474,0,4.40771349862259,0,0.27548209366391185,0,0,0,0,2.283066815272888,0.4751732021289827,1.9095815217338594,0.6691905442468014,0.6117395762771938,0.5479201629993135,0,1.0773697841156475,0,0.27510238005316107,0,0,0,0
3.5500000528991222,314,68.47133757961782,0.3184713375796179,22.611464968152866,1.5923566878980893,1.910828025477707,0.9554140127388535,0,4.140127388535031,0,0,0,0,0,0,2.6220583687696633,0.3179638132131765,2.3606839050140995,0.7064310338819897,0.7726032155497217,0.5489671406004815,0,1.1242436722466536,0,0,0,0,0,0
3.6500000543892384,272,70.95588235294117,1.1029411764705883,19.11764705882353,0.3676470588235294,1.8382352941176472,1.1029411764705883,0,5.147058823529411,0,0,0,0,0,0.3676470588235294,2.7525729907040186,0.6332619753643005,2.384293178047656,0.36697061472001125,0.8144928510844884,0.6332619753643005,0,1.3397399712313431,0,0,0,0,0,0.36697061472001125
3.7500000558793545,217,72.35023041474655,0.9216589861751152,17.050691244239633,0.4608294930875576,2.3041474654377883,1.3824884792626728,0,5.529953917050691,0,0,0,0,0,0,3.036238274414878,0.6487010890283113,2.5529805951937474,0.45976644785836307,1.0185053904720958,0.7926435194907356,0,1.5515935043285314,0,0,0,0,0,0
3.8500000573694706,187,73.79679144385027,1.6042780748663104,16.0427807486631,1.6042780748663104,2.13903743315508,0,0,4.81283422459893,0,0,0,0,0,0,3.215697391929056,0.9187706834083017,2.6837869930665375,0.9187706834083017,1.0580181810935174,0,0,1.565196420651897,0,0,0,0,0,0
3.9500000588595867,130,69.23076923076923,1.5384615384615385,18.461538461538463,0.7692307692307693,3.076923076923077,0.7692307692307693,0.7692307692307693,5.384615384615385,0,0,0,0,0,0,4.047960089109366,1.0794560237624975,3.402855637647459,0.7662664777836533,1.514607976878216,0.7662664777836533,0.7662664777836533,1.9796414897289276,0,0,0,0,0,0
4.050000060349703,116,78.44827586206897,0.8620689655172413,18.103448275862068,0,1.7241379310344827,0,0,0.8620689655172413,0,0,0,0,0,0,3.817716866540227,0.8583451080844774,3.5750693122161907,0,1.208594016067546,0,0,0.8583451080844774,0,0,0,0,0,0
4.150000061839819,71,61.97183098591549,0,22.535211267605636,2.8169014084507045,2.8169014084507045,2.8169014084507045,0,7.042253521126761,0,0,0,0,0,0,5.761302746414258,0,4.958539908738105,1.9635954637023327,1.9635954637023327,1.9635954637023327,0,3.0364731614087566,0,0,0,0,0,0
4.250000063329935,62,72.58064516129032,3.225806451612903,12.903225806451612,1.6129032258064515,3.225806451612903,1.6129032258064515,0,4.838709677419355,0,0,0,0,0,0,5.665564436903705,2.243897882710492,4.257496887716709,1.5998430657150675,2.243897882710492,1.5998430657150675,0,2.725204509637419,0,0,0,0,0,0
4.350000064820051,63,77.77777777777779,0,11.11111111111111,3.1746031746031744,3.1746031746031744,0,0,4.761904761904762,0,0,0,0,0,0,5.237828008789241,0,3.959425806109991,2.2088645799247857,2.2088645799247857,0,0,2.6830293800905283,0,0,0,0,0,0
4.450000066310167,40,72.5,0,10,7.5,5,0,0,5,0,0,0,0,0,0,7.060010623221469,0,4.743416490252569,4.164582812239421,3.4460121880225554,0,0,3.4460121880225554,0,0,0,0,0,0
4.550000067800283,28,75,3.571428571428571,10.714285714285714,0,3.571428571428571,0,0,7.142857142857142,0,0,0,0,0,0,8.183170883849714,3.507073235935591,5.845122059892653,0,3.507073235935591,0,0,4.867036741923192,0,0,0,0,0,0
4.6500000692903996,27,74.07407407407408,0,11.11111111111111,0,7.4074074074074066,0,0,7.4074074074074066,0,0,0,0,0,0,8.433704334123126,0,6.04812282168686,0,5.040102351405716,0,0,5.040102351405716,0,0,0,0,0,0
4.750000070780516,20,70,0,10,0,5,0,0,10,0,5,0,0,0,0,10.2469507659596,0,6.708203932499369,0,4.873397172404482,0,0,6.708203932499369,0,4.873397172404482,0,0,0,0
4.850000072270632,13,84.61538461538461,0,15.384615384615385,0,0,0,0,0,0,0,0,0,0,0,10.006825162892168,0,10.006825162892168,0,0,0,0,0,0,0,0,0,0,0
4.950000073760748,13,76.92307692307693,0,7.6923076923076925,7.6923076923076925,0,0,0,7.6923076923076925,0,0,0,0,0,0,11.685454235580767,0,7.390530175619406,7.390530175619406,0,0,0,7.390530175619406,0,0,0,0,0,0

