,Cylinder ID: 1
Distance (nm),Ion Count,Ni ion%,Mo ion%,Nb ion%,Cr ion%,Fe ion%,Al ion%,Si ion%,Ti ion%,H2 ion%,O ion%,H ion%,P ion%,B ion%,Mn ion%,Ni ion% Sigma,Mo ion% Sigma,Nb ion% Sigma,Cr ion% Sigma,Fe ion% Sigma,Al ion% Sigma,Si ion% Sigma,Ti ion% Sigma,H2 ion% Sigma,O ion% Sigma,H ion% Sigma,P ion% Sigma,B ion% Sigma,Mn ion% Sigma
0,167,43.712574850299404,3.592814371257485,4.191616766467066,23.952095808383234,23.952095808383234,0.5988023952095809,0,0,0,0,0,0,0,0,3.8384037077766755,1.4401703201408422,1.5507232724902875,3.3026089190217665,3.3026089190217665,0.5970068817367302,0,0,0,0,0,0,0,0
0.1,148,39.86486486486486,4.72972972972973,2.7027027027027026,24.324324324324326,26.351351351351347,0,1.3513513513513513,0,0.6756756756756757,0,0,0,0,0,4.024652944406838,1.7448817617664414,1.3329647619353295,3.526693266493298,3.621203899680222,0,0.9490713265293123,0,0.6733891186081918,0,0,0,0,0
0.2,170,40.588235294117645,1.1764705882352942,0.5882352941176471,24.705882352941178,32.35294117647059,0,0,0,0,0,0.5882352941176471,0,0,0,3.7662734625661534,0.8269823804174203,0.5865026385303421,3.3079295216696813,3.588036752122492,0,0,0,0,0,0.5865026385303421,0,0,0
0.30000000000000004,156,42.30769230769231,1.282051282051282,1.9230769230769231,28.205128205128204,25.64102564102564,0,0.641025641025641,0,0,0,0,0,0,0,3.9555449577280877,0.9007172096528768,1.0995612978785878,3.6028688386115073,3.496005383601688,0,0.6389677684886641,0,0,0,0,0,0,0
0.4,143,44.05594405594406,2.797202797202797,4.895104895104895,21.678321678321677,25.174825174825177,0.6993006993006993,0,0,0,0,0,0,0.6993006993006993,0,4.151558978334156,1.3789018034065248,1.8043235517931122,3.445766163692595,3.6294355018699958,0.6968513022852836,0,0,0,0,0,0,0.6968513022852836,0
0.5,128,51.5625,0.78125,0.78125,19.53125,22.65625,1.5625,0.78125,0,0,0,0.78125,0,0,1.5625,4.417258936679157,0.7781922583256459,0.7781922583256459,3.504077171486163,3.699999298920436,1.0961886875314282,0.7781922583256459,0,0,0,0.7781922583256459,0,0,1.0961886875314282
0.6000000000000001,153,37.908496732026144,1.9607843137254901,5.228758169934641,29.411764705882355,24.836601307189543,0.6535947712418301,0,0,0,0,0,0,0,0,3.9222805397065414,1.1209057852451556,1.7996657369259987,3.6836723005008793,3.493040107273885,0.6514553390818318,0,0,0,0,0,0,0,0
0.7000000000000001,130,45.38461538461539,1.5384615384615385,2.307692307692308,28.46153846153846,21.53846153846154,0,0,0,0,0,0,0,0,0.7692307692307693,4.366567235476744,1.0794560237624975,1.31688381294119,3.9575581773810335,3.605488154725288,0,0,0,0,0,0,0,0,0.7662664777836533
0.8,155,52.903225806451616,1.935483870967742,1.2903225806451613,20.64516129032258,21.935483870967744,0,0,0.6451612903225806,0,0,0,0,0,0.6451612903225806,4.009320817647019,1.1065852423530393,0.9064903099045929,3.251097526175136,3.323797802983507,0,0,0.643076757279471,0,0,0,0,0,0.643076757279471
0.9,141,48.93617021276596,4.25531914893617,3.546099290780142,20.56737588652482,21.27659574468085,0.7092198581560284,0,0,0,0,0,0,0,0.7092198581560284,4.209806405636096,1.6998626849722576,1.5574918664859239,3.403919974093781,3.4466203489337923,0.7067004190808703,0,0,0,0,0,0,0,0.7067004190808703
1,148,44.5945945945946,6.081081081081082,6.756756756756757,23.64864864864865,16.89189189189189,0.6756756756756757,0,0.6756756756756757,0,0,0,0,0,0.6756756756756757,4.085886711466758,1.9644278463382396,2.063226798733351,3.49285591538782,3.0798529904168976,0.6733891186081918,0,0.6733891186081918,0,0,0,0,0,0.6733891186081918
1.1,122,50,1.639344262295082,2.459016393442623,17.21311475409836,21.311475409836063,4.098360655737705,0,3.278688524590164,0,0,0,0,0,0,4.526787302125927,1.1496506119971748,1.4021496310584685,3.417673635811159,3.707511821764157,1.7948914426949625,0,1.6122457965031596,0,0,0,0,0,0
1.2000000000000002,98,50,1.0204081632653061,7.142857142857142,14.285714285714285,23.46938775510204,1.0204081632653061,0,2.0408163265306123,0,0,0,0,1.0204081632653061,0,5.050762722761053,1.0151886499405334,2.6015405681595842,3.534797566467096,4.281100628451433,1.0151886499405334,0,1.42827390249748,0,0,0,0,1.0151886499405334,0
1.3,116,60.3448275862069,2.586206896551724,4.310344827586207,14.655172413793101,14.655172413793101,1.7241379310344827,0,1.7241379310344827,0,0,0,0,0,0,4.541935390120768,1.4737128327137476,1.8856431497381725,3.283636497193459,3.283636497193459,1.208594016067546,0,1.208594016067546,0,0,0,0,0,0
1.4000000000000001,101,56.43564356435643,2.9702970297029703,3.9603960396039604,13.861386138613863,17.82178217821782,1.9801980198019802,0,1.9801980198019802,0,0,0.9900990099009901,0,0,0,4.93380187178461,1.689240964133677,1.9405900581934508,3.4382827111450145,3.807967543196634,1.386278649080601,0,1.386278649080601,0,0,0.9851853368415734,0,0,0
1.5,88,60.22727272727273,3.4090909090909087,4.545454545454546,10.227272727272728,13.636363636363635,4.545454545454546,0,3.4090909090909087,0,0,0,0,0,0,5.21732569574462,1.9343991023836782,2.2204736839054418,3.230061506044809,3.65825024992268,2.2204736839054418,0,1.9343991023836782,0,0,0,0,0,0
1.6,91,62.637362637362635,1.098901098901099,2.197802197802198,12.087912087912088,17.582417582417584,4.395604395604396,0,0,0,0,0,0,0,0,5.071247397940529,1.0928465013161472,1.5369081467100394,3.417269635227435,3.9905112044096867,2.148956050046297,0,0,0,0,0,0,0,0
1.7000000000000002,89,56.17977528089888,4.49438202247191,7.865168539325842,2.247191011235955,12.359550561797752,8.98876404494382,1.1235955056179776,6.741573033707865,0,0,0,0,0,0,5.259352693837444,2.196111815585359,2.8534543973112036,1.571048578778939,3.4886599051207448,3.031813573466406,1.1172653397216303,2.657845068661996,0,0,0,0,0,0
1.8,94,59.57446808510638,0,9.574468085106384,8.51063829787234,10.638297872340425,6.382978723404255,1.0638297872340425,4.25531914893617,0,0,0,0,0,0,5.061672376150169,0,3.034861925770015,2.878077197872763,3.180151885863917,2.521303814512326,1.058155987913608,2.081898105489709,0,0,0,0,0,0
1.9000000000000001,107,61.6822429906542,0.9345794392523363,7.476635514018691,5.607476635514018,13.084112149532709,6.5420560747663545,0,4.672897196261682,0,0,0,0,0,0,4.699895801894597,0.9302019939262133,2.54265199840158,2.224132445237595,3.2600917712725344,2.390415264809854,0,2.0403723121389743,0,0,0,0,0,0
2,93,67.74193548387096,0,10.75268817204301,7.526881720430108,6.451612903225806,5.376344086021505,0,2.1505376344086025,0,0,0,0,0,0,4.847373443851037,0,3.212289094836828,2.7357337157597765,2.547480267357411,2.3388475538888254,0,1.5042196967050403,0,0,0,0,0,0
2.1,105,68.57142857142857,0,8.571428571428571,1.9047619047619049,8.571428571428571,4.761904761904762,0,7.6190476190476195,0,0,0,0,0,0,4.530428383840525,0,2.7319511070500426,1.3339810542038597,2.7319511070500426,2.078265621295165,0,2.5890885972875197,0,0,0,0,0,0
2.2,91,60.43956043956044,2.197802197802198,2.197802197802198,6.593406593406594,10.989010989010989,13.186813186813188,0,3.296703296703297,1.098901098901099,0,0,0,0,0,5.125904452841152,1.5369081467100394,1.5369081467100394,2.6014950241775745,3.278539503948441,3.5468439409269483,0,1.8717156642915167,1.0928465013161472,0,0,0,0,0
2.3000000000000003,110,71.81818181818181,0.9090909090909091,5.454545454545454,5.454545454545454,3.6363636363636362,8.181818181818182,0,4.545454545454546,0,0,0,0,0,0,4.289487087529189,0.9049492433184968,2.165226167776901,2.165226167776901,1.7848178494800777,2.61332193581184,0,1.9860520397847796,0,0,0,0,0,0
2.4000000000000004,92,65.21739130434783,1.0869565217391304,8.695652173913043,4.3478260869565215,5.434782608695652,9.782608695652174,0,5.434782608695652,0,0,0,0,0,0,4.965567310610093,1.0810330088561315,2.937669237792071,2.126128899660112,2.363539623718833,3.0972663905888673,0,2.363539623718833,0,0,0,0,0,0
2.5,97,71.1340206185567,0,10.309278350515463,0,7.216494845360824,5.154639175257731,0,6.185567010309279,0,0,0,0,0,0,4.600933536485718,0,3.0874648709435895,0,2.6273181942122643,2.2450256869438823,0,2.4459001290227738,0,0,0,0,0,0
2.6,100,64,1,12,3,4,9,1,6,0,0,0,0,0,0,4.8,0.99498743710662,3.249615361854384,1.7058722109231979,1.9595917942265424,2.861817604250837,0.99498743710662,2.3748684174075834,0,0,0,0,0,0
2.7,105,67.61904761904762,0,5.714285714285714,4.761904761904762,4.761904761904762,15.238095238095239,0,1.9047619047619049,0,0,0,0,0,0,4.56651285211701,0,2.2652141919202626,2.078265621295165,2.078265621295165,3.507284904750143,0,1.3339810542038597,0,0,0,0,0,0
2.8000000000000003,110,70.9090909090909,0,3.6363636363636362,3.6363636363636362,5.454545454545454,8.181818181818182,0,8.181818181818182,0,0,0,0,0,0,4.330452335553802,0,1.7848178494800777,1.7848178494800777,2.165226167776901,2.61332193581184,0,2.61332193581184,0,0,0,0,0,0
2.9000000000000004,113,74.33628318584071,0,7.079646017699115,3.5398230088495577,1.7699115044247788,7.964601769911504,0.8849557522123894,3.5398230088495577,0,0,0,0,0,0.8849557522123894,4.108856526222918,0,2.412803631283044,1.738303399159868,1.2403916156829196,2.5469490609195997,0.8810313171227336,1.738303399159868,0,0,0,0,0,0.8810313171227336
3,109,67.88990825688074,0.9174311926605505,11.926605504587156,0.9174311926605505,4.587155963302752,6.422018348623854,0,7.339449541284404,0,0,0,0,0,0,4.472085881731427,0.91321309586862,3.1043275972683815,0.91321309586862,2.0038348475654213,2.3480609122499354,0,2.4978475771938924,0,0,0,0,0,0
3.1,97,67.0103092783505,1.0309278350515463,9.278350515463918,2.0618556701030926,1.0309278350515463,14.432989690721648,0,5.154639175257731,0,0,0,0,0,0,4.773908228676304,1.025600006956303,2.94581174512516,1.442843406231923,1.025600006956303,3.568169384905686,0,2.2450256869438823,0,0,0,0,0,0
3.2,102,70.58823529411765,0,7.8431372549019605,0.9803921568627451,1.9607843137254901,10.784313725490197,0,4.901960784313726,0,0.9803921568627451,0.9803921568627451,0,0,0.9803921568627451,4.511558757925709,0,2.6620037482681678,0.9755744758307872,1.3728236117921666,3.071261397018482,0,2.1378174203035125,0,0.9755744758307872,0.9755744758307872,0,0,0.9755744758307872
3.3000000000000003,99,71.71717171717171,0,10.1010101010101,0,4.040404040404041,6.0606060606060606,0,8.080808080808081,0,0,0,0,0,0,4.526425722831635,0,3.0286020461497487,0,1.9789690695126556,2.3980835366759585,0,2.739131597330529,0,0,0,0,0,0
3.4000000000000004,113,69.02654867256636,0,9.734513274336283,0.8849557522123894,0.8849557522123894,10.619469026548673,0,7.079646017699115,0,0.8849557522123894,0,0,0,0.8849557522123894,4.349743605108362,0,2.7885521011370296,0.8810313171227336,0.8810313171227336,2.8982353194324424,0,2.412803631283044,0,0.8810313171227336,0,0,0,0.8810313171227336
3.5,90,75.55555555555556,0,8.88888888888889,0,0,11.11111111111111,0,4.444444444444445,0,0,0,0,0,0,4.53003995597649,0,2.9997713676024573,0,0,3.312693299999688,0,2.1722782664615083,0,0,0,0,0,0
3.6,87,71.26436781609196,0,8.045977011494253,1.1494252873563218,1.1494252873563218,11.494252873563218,0,6.896551724137931,0,0,0,0,0,0,4.851622150080206,0,2.916185421867384,1.142800302566041,1.142800302566041,3.4195305153235287,0,2.7166848177873635,0,0,0,0,0,0
3.7,97,77.31958762886599,1.0309278350515463,6.185567010309279,0,2.0618556701030926,6.185567010309279,0,7.216494845360824,0,0,0,0,0,0,4.251913010074931,1.025600006956303,2.4459001290227738,0,1.442843406231923,2.4459001290227738,0,2.6273181942122643,0,0,0,0,0,0
3.8000000000000003,110,70,0,9.090909090909092,0.9090909090909091,1.8181818181818181,10.909090909090908,0,7.2727272727272725,0,0,0,0,0,0,4.369314487526514,0,2.7410122234342147,0.9049492433184968,1.273907363173401,2.9724505140712694,0,2.476030851051108,0,0,0,0,0,0
3.9000000000000004,112,70.53571428571429,0,6.25,0.8928571428571428,4.464285714285714,9.821428571428571,0,6.25,0.8928571428571428,0,0.8928571428571428,0,0,0,4.307680473351712,0,2.287265795973125,0.8888622362733644,1.951415979693143,2.8120950469724524,0,2.287265795973125,0.8888622362733644,0,0.8888622362733644,0,0,0
4,124,68.54838709677419,0.8064516129032258,7.258064516129033,0.8064516129032258,0.8064516129032258,12.903225806451612,0.8064516129032258,8.064516129032258,0,0,0,0,0,0,4.169742523292076,0.8031932092228373,2.3299019623092896,0.8031932092228373,0.8031932092228373,3.010504920185106,0.8031932092228373,2.445231027589979,0,0,0,0,0,0
4.1000000000000005,110,72.72727272727273,1.8181818181818181,9.090909090909092,0,0.9090909090909091,7.2727272727272725,0,8.181818181818182,0,0,0,0,0,0,4.24635787724467,1.273907363173401,2.7410122234342147,0,0.9049492433184968,2.476030851051108,0,2.61332193581184,0,0,0,0,0,0
4.2,112,79.46428571428571,0,7.142857142857142,1.7857142857142856,0.8928571428571428,8.035714285714286,0,2.6785714285714284,0,0,0,0,0,0,3.8170854945547825,0,2.433518370961596,1.2513658718334555,0.8888622362733644,2.5686967312686644,0,1.5256216471818476,0,0,0,0,0,0
4.3,97,63.91752577319587,1.0309278350515463,11.34020618556701,2.0618556701030926,1.0309278350515463,9.278350515463918,0,11.34020618556701,0,0,0,0,0,0,4.876096203849991,1.025600006956303,3.219496570470839,1.442843406231923,1.025600006956303,2.94581174512516,0,3.219496570470839,0,0,0,0,0,0
4.4,103,63.10679611650486,0,9.70873786407767,2.912621359223301,2.912621359223301,11.650485436893204,0,9.70873786407767,0,0,0,0,0,0,4.754366307513867,0,2.91733053183632,1.6569323999667214,1.6569323999667214,3.1612255408522345,0,2.91733053183632,0,0,0,0,0,0
4.5,117,70.08547008547008,0,10.256410256410255,0,2.564102564102564,8.547008547008547,0,8.547008547008547,0,0,0,0,0,0,4.233135359236845,0,2.804829586811511,0,1.461282759427539,2.5847175771892212,0,2.5847175771892212,0,0,0,0,0,0
4.6000000000000005,113,73.45132743362832,0,7.964601769911504,2.6548672566371683,0.8849557522123894,7.079646017699115,0,7.964601769911504,0,0,0,0,0,0,4.154148413419364,0,2.5469490609195997,1.5123047098770785,0.8810313171227336,2.412803631283044,0,2.5469490609195997,0,0,0,0,0,0
4.7,112,68.75,0,13.392857142857142,0.8928571428571428,1.7857142857142856,10.714285714285714,0,4.464285714285714,0,0,0,0,0,0,4.379780551417094,0,3.218136511350184,0.8888622362733644,1.2513658718334555,2.9225610299463267,0,1.951415979693143,0,0,0,0,0,0
4.800000000000001,114,78.94736842105263,0.8771929824561403,5.263157894736842,0.8771929824561403,1.7543859649122806,7.894736842105263,0,3.508771929824561,0,0,0.8771929824561403,0,0,0,3.8182960532105876,0.8733371704606866,2.091366879576385,0.8733371704606866,1.2296081474569516,2.5255654472036664,0,1.723332432030707,0,0,0.8733371704606866,0,0,0
4.9,118,66.94915254237289,0.847457627118644,10.16949152542373,0,1.694915254237288,11.864406779661017,0,8.47457627118644,0,0,0,0,0,0,4.330348390978369,0.8438590646753579,2.782406278831432,0,1.18828600286966,2.9768549689580897,0,2.5638278852014103,0,0,0,0,0,0
5,115,71.30434782608695,0,5.217391304347826,0,4.3478260869565215,14.782608695652174,0,4.3478260869565215,0,0,0,0,0,0,4.218102565088905,0,2.0736817885358407,0,1.901667499426736,3.309716065211172,0,1.901667499426736,0,0,0,0,0,0
5.1000000000000005,120,75.83333333333333,0,7.5,0,1.6666666666666667,8.333333333333332,0,6.666666666666667,0,0,0,0,0,0,3.9079394494721567,0,2.4044230077089184,0,1.1686491093312572,2.5230419617479094,0,2.2771001702132443,0,0,0,0,0,0
5.2,110,71.81818181818181,0.9090909090909091,10.909090909090908,0,2.727272727272727,4.545454545454546,0,8.181818181818182,0,0,0,0,0,0.9090909090909091,4.289487087529189,0.9049492433184968,2.9724505140712694,0,1.552971510007207,1.9860520397847796,0,2.61332193581184,0,0,0,0,0,0.9049492433184968
5.300000000000001,101,77.22772277227723,0,7.920792079207921,2.9702970297029703,0.9900990099009901,4.9504950495049505,0,3.9603960396039604,0,0,0,0,0,1.9801980198019802,4.172815267157407,0,2.6872273258103183,1.689240964133677,0.9851853368415734,2.1584329292458206,0,1.9405900581934508,0,0,0,0,0,1.386278649080601
5.4,98,68.36734693877551,0,10.204081632653061,0,2.0408163265306123,8.16326530612245,0,11.224489795918368,0,0,0,0,0,0,4.697633540618664,0,3.057751743936302,0,1.42827390249748,2.765840519097708,0,3.188723448138099,0,0,0,0,0,0
5.5,100,73,1,9,2,1,9,1,3,0,1,0,0,0,0,4.439594576084622,0.99498743710662,2.861817604250837,1.4000000000000001,0.99498743710662,2.861817604250837,0.99498743710662,1.7058722109231979,0,0.99498743710662,0,0,0,0
5.6000000000000005,97,70.10309278350515,0,11.34020618556701,0,1.0309278350515463,7.216494845360824,0,9.278350515463918,1.0309278350515463,0,0,0,0,0,4.648318242092613,0,3.219496570470839,0,1.025600006956303,2.6273181942122643,0,2.94581174512516,1.025600006956303,0,0,0,0,0
5.7,121,64.46280991735537,0,17.355371900826448,0.8264462809917356,0.8264462809917356,5.785123966942149,0,10.743801652892563,0,0,0,0,0,0,4.351144172973782,0,3.4429569458721563,0.8230241284825937,0.8230241284825937,2.122381200875362,0,2.8151756566784667,0,0,0,0,0,0
5.800000000000001,93,66.66666666666666,0,12.903225806451612,1.0752688172043012,2.1505376344086025,8.60215053763441,0,8.60215053763441,0,0,0,0,0,0,4.888237167378443,0,3.476231652131127,1.0694721775786498,1.5042196967050403,2.9075690246733554,0,2.9075690246733554,0,0,0,0,0,0
5.9,106,71.69811320754717,0,12.264150943396226,0.9433962264150944,1.8867924528301887,5.660377358490567,0,6.60377358490566,0.9433962264150944,0,0,0,0,0,4.375307949520408,0,3.1860629516474606,0.9389356991742922,1.3215173508914622,2.2444856199570116,0,2.412169486461068,0.9389356991742922,0,0,0,0,0
6,104,68.26923076923077,0,6.730769230769231,0.9615384615384616,2.8846153846153846,11.538461538461538,0,9.615384615384617,0,0,0,0,0,0,4.563900161447393,0,2.456885279245963,0.9569045142703854,1.6412370233372362,3.132813400080972,0,2.890772521577338,0,0,0,0,0,0
6.1000000000000005,115,72.17391304347827,0,10.434782608695652,0.8695652173913043,1.7391304347826086,5.217391304347826,0,9.565217391304348,0,0,0,0,0,0,4.178950960874464,0,2.850771936311176,0.8657762441719378,1.21901053535082,2.0736817885358407,0,2.742623871226593,0,0,0,0,0,0
6.2,117,61.53846153846154,0.8547008547008548,14.529914529914532,3.418803418803419,0,11.965811965811966,0,7.6923076923076925,0,0,0,0,0,0,4.49773343234374,0.8510404487813981,3.257959401121741,1.6799270564748459,0,3.0005705163786636,0,2.4635100585398018,0,0,0,0,0,0
6.300000000000001,86,73.25581395348837,2.3255813953488373,10.465116279069768,1.1627906976744187,0,4.651162790697675,0,8.13953488372093,0,0,0,0,0,0,4.772945944861171,1.6252005626086228,3.300797946467106,1.1560105191886996,0,2.270854167140835,0,2.9485933979015555,0,0,0,0,0,0
6.4,93,70.96774193548387,0,13.978494623655912,2.1505376344086025,2.1505376344086025,5.376344086021505,0,5.376344086021505,0,0,0,0,0,0,4.706839907554064,0,3.5957728324523366,1.5042196967050403,1.5042196967050403,2.3388475538888254,0,2.3388475538888254,0,0,0,0,0,0
6.5,91,60.43956043956044,0,21.978021978021978,0,1.098901098901099,9.89010989010989,0,6.593406593406594,0,0,0,0,0,0,5.125904452841152,0,4.340923013885538,0,1.0928465013161472,3.1294361310944394,0,2.6014950241775745,0,0,0,0,0,0
6.6000000000000005,104,66.34615384615384,0.9615384615384616,15.384615384615385,1.9230769230769231,1.9230769230769231,5.769230769230769,0,7.6923076923076925,0,0,0,0,0,0,4.633493505110652,0.9569045142703854,3.537946965414615,1.3466820603574796,1.3466820603574796,2.286328626638126,0,2.612947001872144,0,0,0,0,0,0
6.7,90,60,2.2222222222222223,23.333333333333332,1.1111111111111112,3.3333333333333335,4.444444444444445,0,5.555555555555555,0,0,0,0,0,0,5.163977794943222,1.553790886178002,4.4583116994975285,1.104921028901948,1.8921540406584891,2.1722782664615083,0,2.4145194093343143,0,0,0,0,0,0
6.800000000000001,77,70.12987012987013,0,16.883116883116884,0,3.896103896103896,5.194805194805195,0,3.896103896103896,0,0,0,0,0,0,5.215845399164102,0,4.26899430448477,0,2.20516148962829,2.5290379015316664,0,2.20516148962829,0,0,0,0,0,0
6.9,108,63.888888888888886,0,25,2.7777777777777777,1.8518518518518516,1.8518518518518516,0,4.62962962962963,0,0,0,0,0,0,4.621907139466647,0,4.166666666666666,1.5813195626480863,1.2972757420698038,1.2972757420698038,0,2.0219386838511877,0,0,0,0,0,0
7,94,79.7872340425532,0,11.702127659574469,3.1914893617021276,1.0638297872340425,0,0,3.1914893617021276,0,0,1.0638297872340425,0,0,0,4.142053001209846,0,3.315458593157387,1.8129655141723582,1.058155987913608,0,0,1.8129655141723582,0,0,1.058155987913608,0,0,0
7.1000000000000005,105,69.52380952380952,1.9047619047619049,15.238095238095239,2.857142857142857,4.761904761904762,1.9047619047619049,0,3.8095238095238098,0,0,0,0,0,0,4.4921315988843515,1.3339810542038597,3.507284904750143,1.6258361084396906,2.078265621295165,1.3339810542038597,0,1.86812844795725,0,0,0,0,0,0
7.2,99,67.67676767676768,0,22.22222222222222,2.0202020202020203,4.040404040404041,0,0,4.040404040404041,0,0,0,0,0,0,4.700668214374647,0,4.178341294946416,1.4139956489073888,1.9789690695126556,0,0,1.9789690695126556,0,0,0,0,0,0
7.300000000000001,105,63.8095238095238,3.8095238095238098,15.238095238095239,3.8095238095238098,1.9047619047619049,0.9523809523809524,0,9.523809523809524,0,0,0,0,0,0.9523809523809524,4.689702043692262,1.86812844795725,3.507284904750143,1.86812844795725,1.3339810542038597,0.9478349552916558,0,2.8646914643725636,0,0,0,0,0,0.9478349552916558
7.4,86,63.95348837209303,1.1627906976744187,23.25581395348837,5.813953488372093,3.488372093023256,0,0,1.1627906976744187,1.1627906976744187,0,0,0,0,0,5.177433325511272,1.1560105191886996,4.555533962409835,2.523363604380063,1.978572628104759,0,0,1.1560105191886996,1.1560105191886996,0,0,0,0,0
7.5,93,68.81720430107528,1.0752688172043012,16.129032258064516,4.301075268817205,4.301075268817205,1.0752688172043012,0,4.301075268817205,0,0,0,0,0,0,4.803574858632918,1.0694721775786498,3.81389303015011,2.1037812307399895,2.1037812307399895,1.0694721775786498,0,2.1037812307399895,0,0,0,0,0,0
7.6000000000000005,92,69.56521739130434,2.1739130434782608,16.304347826086957,3.260869565217391,3.260869565217391,1.0869565217391304,0,4.3478260869565215,0,0,0,0,0,0,4.7971937771075694,1.5203882743048593,3.851316861991985,1.8517139128983993,1.8517139128983993,1.0810330088561315,0,2.126128899660112,0,0,0,0,0,0
7.7,94,64.8936170212766,1.0638297872340425,18.085106382978726,4.25531914893617,4.25531914893617,0,0,7.446808510638298,0,0,0,0,0,0,4.923003075039277,1.058155987913608,3.969886065965491,2.081898105489709,2.081898105489709,0,0,2.707801758335306,0,0,0,0,0,0
7.800000000000001,99,72.72727272727273,0,12.121212121212121,4.040404040404041,7.07070707070707,2.0202020202020203,1.0101010101010102,1.0101010101010102,0,0,0,0,0,0,4.476054217430281,0,3.2801783470140955,1.9789690695126556,2.5762626767677763,1.4139956489073888,1.0049865417436183,1.0049865417436183,0,0,0,0,0,0
7.9,104,62.5,2.8846153846153846,17.307692307692307,6.730769230769231,7.6923076923076925,0.9615384615384616,0,1.9230769230769231,0,0,0,0,0,0,4.747215783204687,1.6412370233372362,3.70967163401638,2.456885279245963,2.612947001872144,0.9569045142703854,0,1.3466820603574796,0,0,0,0,0,0
8,116,58.620689655172406,2.586206896551724,22.413793103448278,5.172413793103448,6.896551724137931,0.8620689655172413,0.8620689655172413,1.7241379310344827,0,0,0.8620689655172413,0,0,0,4.572861955536126,1.4737128327137476,3.8718715837263518,2.0562929376362975,2.3527180662793556,0.8583451080844774,0.8583451080844774,1.208594016067546,0,0,0.8583451080844774,0,0,0
8.1,120,59.166666666666664,0.8333333333333334,15.833333333333332,6.666666666666667,10.833333333333334,0.8333333333333334,0,5.833333333333333,0,0,0,0,0,0,4.486992517472238,0.829853847016092,3.3324651647202663,2.2771001702132443,2.8372113982779847,0.829853847016092,0,2.1395201088786937,0,0,0,0,0,0
8.200000000000001,136,66.91176470588235,0.7352941176470588,14.705882352941178,8.823529411764707,6.61764705882353,0.7352941176470588,0,1.4705882352941175,0,0,0,0,0,0,4.034768211263698,0.7325858428180936,3.0369359310626223,2.432165383998192,2.1316443757716255,0.7325858428180936,0,1.0321885435797338,0,0,0,0,0,0
8.3,113,65.48672566371681,2.6548672566371683,13.274336283185843,8.849557522123893,8.849557522123893,0,0,0.8849557522123894,0,0,0,0,0,0,4.472295572000389,1.5123047098770785,3.191839185404259,2.671781553843851,2.671781553843851,0,0,0.8810313171227336,0,0,0,0,0,0
8.4,111,54.054054054054056,4.504504504504505,13.513513513513514,9.00900900900901,14.414414414414415,0,0,2.7027027027027026,0,0,0.9009009009009009,0,0,0.9009009009009009,4.7301645074784755,1.9685818044711874,3.2448660820954824,2.7175417110211204,3.333782985704745,0,0,1.5391751282472959,0,0,0.8968336074384397,0,0,0.8968336074384397
8.5,157,61.146496815286625,3.1847133757961785,7.643312101910828,12.738853503184714,14.012738853503185,0,0,1.2738853503184715,0,0,0,0,0,0,3.8900130243480526,1.4013845253382804,2.1204358858226526,2.6608831465100713,2.770312400666324,0,0,0.895017172898945,0,0,0,0,0,0
8.6,150,54,0.6666666666666667,11.333333333333332,19.333333333333332,12,2,0,0.6666666666666667,0,0,0,0,0,0,4.069397989875161,0.6644407283433801,2.588292730596611,3.224443678688936,2.6532998322843198,1.1430952132988164,0,0.6644407283433801,0,0,0,0,0,0
8.700000000000001,143,60.13986013986013,2.097902097902098,9.79020979020979,15.384615384615385,11.188811188811188,0,0,1.3986013986013985,0,0,0,0,0,0,4.094327678053291,1.1984518468489165,2.4851626436969854,3.017171309818216,2.636075201690346,0,0,0.9820203734657895,0,0,0,0,0,0
8.8,165,48.484848484848484,1.2121212121212122,7.2727272727272725,20.606060606060606,21.21212121212121,0,0.6060606060606061,0,0,0,0.6060606060606061,0,0,0,3.8907071226785264,0.8518887513770266,2.0216707241547973,3.1488298229615763,3.1825833178594976,0,0.6042212676577612,0,0,0,0.6042212676577612,0,0,0
8.9,173,54.91329479768786,1.1560693641618496,6.9364161849710975,21.965317919075144,15.028901734104046,0,0,0,0,0,0,0,0,0,3.7830314282943123,0.8127255224280592,1.931676544277243,3.1476724134015956,2.716915845481422,0,0,0,0,0,0,0,0,0
9,163,53.37423312883436,2.4539877300613497,3.6809815950920246,18.404907975460123,20.858895705521473,0.6134969325153374,0,0.6134969325153374,0,0,0,0,0,0,3.9073743013999773,1.2118452117917524,1.4748370691041293,3.035323897939729,3.182386379832259,0.6116121448583315,0,0.6116121448583315,0,0,0,0,0,0
9.1,187,45.45454545454545,2.13903743315508,3.7433155080213902,24.06417112299465,24.06417112299465,0,0,0.53475935828877,0,0,0,0,0,0,3.6412218397810414,1.0580181810935174,1.388106739352973,3.125993130287181,3.125993130287181,0,0,0.5333276037562091,0,0,0,0,0,0
9.200000000000001,202,51.48514851485149,0.9900990099009901,4.455445544554455,24.752475247524753,18.316831683168317,0,0,0,0,0,0,0,0,0,3.516435479942465,0.6966312324062296,1.45168655662574,3.0365451429729515,2.7215466313059635,0,0,0,0,0,0,0,0,0
9.3,188,52.659574468085104,1.5957446808510638,1.5957446808510638,22.872340425531913,19.148936170212767,1.0638297872340425,0.5319148936170213,0,0,0,0,0,0,0.5319148936170213,3.6414623725774504,0.9139232328399858,0.9139232328399858,3.0632430370961305,2.8696984982954423,0.7482292746068627,0.5304983401203829,0,0,0,0,0,0,0.5304983401203829
9.4,177,45.19774011299435,2.824858757062147,1.1299435028248588,22.598870056497177,27.11864406779661,0.5649717514124294,0.5649717514124294,0,0,0,0,0,0,0,3.74085574364864,1.2453439810444042,0.7944638172079315,3.1436224362314587,3.341608556382597,0.5633735254342037,0.5633735254342037,0,0,0,0,0,0,0
9.5,213,42.25352112676056,1.8779342723004695,1.8779342723004695,28.169014084507044,23.474178403755868,0.9389671361502347,0.9389671361502347,0,0.4694835680751174,0,0,0,0,0,3.384577050064562,0.9301087575838183,0.9301087575838183,3.08213697431493,2.904085505411791,0.660825541218007,0.660825541218007,0,0.46838019741209136,0,0,0,0,0
9.600000000000001,199,44.72361809045226,0.5025125628140703,5.527638190954774,25.628140703517587,22.110552763819097,1.0050251256281406,0,0,0,0,0.5025125628140703,0,0,0,3.5246153743933593,0.5012483782633752,1.6199277779133099,3.094826672501459,2.941796132762276,0.7070799072769107,0,0,0,0,0.5012483782633752,0,0,0
9.700000000000001,195,46.15384615384615,2.051282051282051,2.051282051282051,27.17948717948718,22.05128205128205,0,0,0.5128205128205128,0,0,0,0,0,0,3.5699652376327466,1.0150671244049123,1.0150671244049123,3.1858856954794477,2.968958347094932,0,0,0.5115038982916933,0,0,0,0,0,0
9.8,181,40.88397790055249,1.1049723756906076,1.1049723756906076,29.2817679558011,24.861878453038674,0.5524861878453038,1.1049723756906076,0.5524861878453038,0,0,0.5524861878453038,0,0,0,3.654179580120561,0.777004709336829,0.777004709336829,3.3824007141310606,3.2126088304890006,0.5509578690451936,0.777004709336829,0.5509578690451936,0,0,0.5509578690451936,0,0,0
9.9,188,46.27659574468085,1.0638297872340425,2.6595744680851063,26.595744680851062,22.872340425531913,0.5319148936170213,0,0,0,0,0,0,0,0,3.6364995595421674,0.7482292746068627,1.1734748146977403,3.222461753033918,3.0632430370961305,0.5304983401203829,0,0,0,0,0,0,0,0
10,0,NaN,NaN,NaN,NaN,NaN,NaN,NaN,NaN,NaN,NaN,NaN,NaN,NaN,NaN,0,0,0,0,0,0,0,0,0,0,0,0,0,0

