,Cylinder ID: 0_both L12 and DO22
Distance (nm),Ion Count,Ni ion%,Mo ion%,Nb ion%,Cr ion%,Fe ion%,Al ion%,Si ion%,Ti ion%,H2 ion%,O ion%,O2 ion%,H ion%,Ni ion% Sigma,Mo ion% Sigma,Nb ion% Sigma,Cr ion% Sigma,Fe ion% Sigma,Al ion% Sigma,Si ion% Sigma,Ti ion% Sigma,H2 ion% Sigma,O ion% Sigma,O2 ion% Sigma,H ion% Sigma
0,273,45.42124542124542,2.564102564102564,4.029304029304029,19.78021978021978,25.64102564102564,0.7326007326007326,0.3663003663003663,0,0.3663003663003663,0,1.098901098901099,0,3.0134223583081425,0.9566341224015203,1.1901536084099085,2.4108765170513244,2.6427316649008668,0.5161259231968944,0.3656288710220419,0,0.3656288710220419,0,0.6309552217178183,0
0.1,284,43.309859154929576,1.4084507042253522,2.8169014084507045,27.11267605633803,24.647887323943664,0,0,0,0.35211267605633806,0,0.35211267605633806,0,2.940275219149046,0.6992484321370588,0.9817977318511664,2.6378677920572153,2.5572806742108023,0,0,0,0.35149221270897335,0,0.35149221270897335,0
0.2,288,42.01388888888889,2.7777777777777777,3.4722222222222223,22.916666666666664,27.77777777777778,0,0.6944444444444444,0,0,0,0.3472222222222222,0,2.9084539309529474,0.968356512192217,1.0787819376335213,2.4766219822373445,2.639294965507264,0,0.48933838325485424,0,0,0,0.34661888167566374,0
0.30000000000000004,280,46.785714285714285,1.7857142857142856,2.5,25,22.5,0,0.35714285714285715,0.35714285714285715,0,0,0.7142857142857143,0,2.9818907995640584,0.7914332682392129,0.9330250341152236,2.587745847533828,2.495531721182596,0,0.3565045315975137,0.3565045315975137,0,0,0.5032691957411304,0
0.4,295,47.79661016949153,1.0169491525423728,1.694915254237288,22.372881355932204,25.76271186440678,0,0.3389830508474576,0,0,0,0.3389830508474576,0.6779661016949152,2.908284527412886,0.5841428014269434,0.751538056153101,2.4263680854709304,2.546219440016793,0,0.33840801557193545,0,0,0,0.33840801557193545,0.47776659834027857
0.5,292,46.57534246575342,2.3972602739726026,2.73972602739726,25.34246575342466,22.26027397260274,0,0,0.3424657534246575,0,0,0.3424657534246575,0,2.9191571550360873,0.8951527966610963,0.955278242537844,2.5454808228404526,2.4344190046403065,0,0,0.3418788365350183,0,0,0.3418788365350183,0
0.6000000000000001,275,43.63636363636363,2.5454545454545454,4.363636363636364,23.636363636363637,24.727272727272727,0.7272727272727273,0.36363636363636365,0,0,0,0,0,2.990593818948401,0.9497676571427721,1.2318829844806862,2.5619301514046366,2.6016003859151753,0.5123860302809272,0.362974604464418,0,0,0,0,0
0.7000000000000001,279,45.878136200716845,0.7168458781362007,2.1505376344086025,26.16487455197133,24.014336917562723,0,0.35842293906810035,0,0,0,0.7168458781362007,0,2.9832328563726085,0.5050665160801118,0.8684616468129921,2.6314112999806247,2.5574021556144473,0,0.35778002744903614,0,0,0,0.5050665160801118,0
0.8,309,45.307443365695796,1.9417475728155338,2.5889967637540456,22.006472491909385,27.508090614886733,0,0.6472491909385114,0,0,0,0,0,2.8318461234283556,0.7849811360564409,0.9034217086172392,2.3568137242723197,2.540362849125368,0,0.4561907409889144,0,0,0,0,0
0.9,297,50.505050505050505,2.356902356902357,2.356902356902357,19.865319865319865,23.56902356902357,0.33670033670033667,0,0.6734006734006733,0,0,0,0.33670033670033667,2.9011462520381452,0.8802648189124849,0.8802648189124849,2.315153603110385,2.4627893939611036,0.33613302317738564,0,0.47456022127147907,0,0,0,0.33613302317738564
1,301,45.182724252491695,3.322259136212625,3.9867109634551494,18.6046511627907,27.242524916943523,0.6644518272425249,0.33222591362126247,0,0,0,0.6644518272425249,0,2.868545103568046,1.032991507545686,1.1276901862998607,2.2429898705600566,2.5661334642400364,0.4682748663731937,0.3316735842058414,0,0,0,0.4682748663731937,0
1.1,269,42.37918215613383,1.858736059479554,5.204460966542751,24.907063197026023,25.650557620817843,0,0,0,0,0,0,0,3.0129356402777345,0.8234904093607238,1.3542713410034293,2.6368453909208722,2.6626318532532225,0,0,0,0,0,0,0
1.2000000000000002,306,45.09803921568628,1.3071895424836601,2.6143790849673203,21.568627450980394,28.104575163398692,0.6535947712418301,0,0,0,0,0.6535947712418301,0,2.8445399943243235,0.6493088576646624,0.9121599205061769,2.351231811060462,2.5696763429020395,0.46064848790494495,0,0,0,0,0.46064848790494495,0
1.3,289,45.674740484429066,1.384083044982699,4.1522491349480966,22.491349480968857,23.52941176470588,0.34602076124567477,0,0.6920415224913495,0,0.34602076124567477,1.384083044982699,0,2.9301511765402988,0.6872356204410394,1.1735017549684164,2.456031447832014,2.495191194092726,0.34542159064679706,0,0.4876510706578847,0,0.34542159064679706,0.6872356204410394,0
1.4000000000000001,276,45.289855072463766,3.6231884057971016,2.898550724637681,21.73913043478261,25,0,0.36231884057971014,0.36231884057971014,0,0,0.7246376811594203,0,2.9962624875106965,1.1248048886456006,1.0098311599450216,2.482783655305047,2.6064301757134345,0,0.3616618702466895,0.3616618702466895,0,0,0.5105363347336626,0
1.5,270,45.18518518518518,1.8518518518518516,3.3333333333333335,22.22222222222222,26.296296296296294,0,0.3703703703703704,0,0,0,0.7407407407407408,0,3.0287618533107743,0.8204692196451393,1.0924356447224166,2.5301113002369378,2.679230424834591,0,0.36968386306955897,0,0,0,0.5218392587373616,0
1.6,258,43.798449612403104,1.937984496124031,3.875968992248062,26.356589147286826,21.31782945736434,1.550387596899225,0,0,0,0,1.1627906976744187,0,3.0888275621162062,0.8582537383999356,1.2017006095625542,2.742847727455353,2.549762941529419,0.7691610701904545,0,0,0,0,0.6674229844396348,0
1.7000000000000002,251,50.59760956175299,1.593625498007968,1.593625498007968,24.701195219123505,20.717131474103585,0.398406374501992,0.398406374501992,0,0,0,0,0,3.155746584443355,0.7904381446070169,0.7904381446070169,2.7221757736900356,2.5581006485024758,0.3976119442508959,0.3976119442508959,0,0,0,0,0
1.8,220,45.45454545454545,4.090909090909091,1.3636363636363635,23.636363636363637,25.454545454545453,0,0,0,0,0,0,0,3.3570406630727105,1.3354525482547555,0.7819094699731286,2.864324986073548,2.9368510201149314,0,0,0,0,0,0,0
1.9000000000000001,223,52.46636771300448,2.690582959641256,2.690582959641256,21.524663677130047,18.385650224215247,0.4484304932735426,0,0.4484304932735426,0,0,0.8968609865470852,0.4484304932735426,3.3441717122220602,1.0835481065044958,1.0835481065044958,2.7522149427377385,2.594002126547059,0.44742391401704823,0,0.44742391401704823,0,0,0.6313262395483293,0.44742391401704823
2,204,44.6078431372549,3.9215686274509802,3.9215686274509802,21.07843137254902,23.52941176470588,0.49019607843137253,0.9803921568627451,0.49019607843137253,0,0,0.49019607843137253,0.49019607843137253,3.4802838544699304,1.359026039379749,1.359026039379749,2.8556298609214896,2.9698715546905956,0.48899314145631173,0.6898353274124612,0.48899314145631173,0,0,0.48899314145631173,0.48899314145631173
2.1,196,48.97959183673469,0.5102040816326531,5.612244897959184,20.408163265306122,20.918367346938776,2.0408163265306123,0.5102040816326531,0,0,0,0.5102040816326531,0.5102040816326531,3.5706847562437,0.5089008762306465,1.6439859429504315,2.878778084275729,2.9051841789171693,1.0099421618477418,0.5089008762306465,0,0,0,0.5089008762306465,0.5089008762306465
2.2,148,48.64864864864865,0.6756756756756757,3.3783783783783785,17.56756756756757,25,2.027027027027027,1.3513513513513513,0,0,0,1.3513513513513513,0,4.108473321969177,0.6733891186081918,1.485116242084208,3.1280523757837972,3.5593424840718715,1.1583826800071608,0.9490713265293123,0,0,0,0.9490713265293123,0
2.3000000000000003,155,51.61290322580645,1.935483870967742,5.806451612903226,16.129032258064516,20.64516129032258,1.2903225806451613,0.6451612903225806,1.935483870967742,0,0,0,0,4.014006560246807,1.1065852423530393,1.8784521441307107,2.9542288379975834,3.251097526175136,0.9064903099045929,0.643076757279471,1.1065852423530393,0,0,0,0
2.4000000000000004,170,52.352941176470594,1.1764705882352942,4.117647058823529,16.470588235294116,21.176470588235293,1.1764705882352942,0,2.941176470588235,0,0.5882352941176471,0,0,3.830576417859227,0.8269823804174203,1.5239455150468024,2.844787334874708,3.133504101546171,0.8269823804174203,0,1.2958465959220764,0,0.5865026385303421,0,0
2.5,164,54.268292682926834,1.2195121951219512,4.878048780487805,20.121951219512198,14.634146341463413,1.8292682926829267,0,1.8292682926829267,0,0,1.2195121951219512,0,3.890091915000424,0.8570511323155212,1.6820601446280419,3.130594700254398,2.759966855362771,1.0464242446963268,0,1.0464242446963268,0,0,0.8570511323155212,0
2.6,148,54.729729729729726,0,6.756756756756757,15.54054054054054,14.18918918918919,2.7027027027027026,0,4.054054054054054,0,0,2.027027027027027,0,4.091545053343369,0,2.063226798733351,2.9780113691198746,2.8682627629831345,1.3329647619353295,0,1.6211650197199552,0,0,1.1583826800071608,0
2.7,122,54.91803278688525,3.278688524590164,9.01639344262295,6.557377049180328,13.114754098360656,9.01639344262295,0,3.278688524590164,0,0,0.819672131147541,0,4.5048361567585005,1.6122457965031596,2.5930929591268264,2.2410816167040455,3.0561395271872076,2.5930929591268264,0,1.6122457965031596,0,0,0.8163059069407409,0
2.8000000000000003,147,59.863945578231295,4.081632653061225,4.081632653061225,12.244897959183673,14.285714285714285,4.081632653061225,0,0.6802721088435374,0,0,0.6802721088435374,0,4.042884551168823,1.6319587583816,1.6319587583816,2.703678861660555,2.886150127292031,1.6319587583816,0,0.6779543095709863,0,0,0.6779543095709863,0
2.9000000000000004,150,62.66666666666667,0,5.333333333333334,8.666666666666668,10,7.333333333333333,0,5.333333333333334,0,0,0.6666666666666667,0,3.9493084251596553,0,1.8346459947155815,2.2971802360801026,2.4494897427831783,2.1284666711908766,0,1.8346459947155815,0,0,0.6644407283433801,0
3,156,60.89743589743589,2.564102564102564,7.6923076923076925,6.41025641025641,10.897435897435898,5.769230769230769,0.641025641025641,5.128205128205128,0,0,0,0,3.906967716310211,1.265507991776473,2.133462293173958,1.96105389931747,2.4948530101669077,1.8667795065272133,0.6389677684886641,1.7659929018492166,0,0,0,0
3.1,114,62.28070175438597,0.8771929824561403,8.771929824561402,7.894736842105263,11.403508771929824,2.631578947368421,0.8771929824561403,4.385964912280701,0,0,0.8771929824561403,0,4.53948018936613,0.8733371704606866,2.6494723566214025,2.5255654472036664,2.976974304177393,1.4992181792363357,0.8733371704606866,1.9179663092194785,0,0,0.8733371704606866,0
3.2,125,56.8,0,10.4,11.200000000000001,4.8,10.4,0,4,0,0,1.6,0.8,4.430584611538301,0,2.7303333129857976,2.8207233114929937,1.9119832635250757,2.7303333129857976,0,1.7527121840165316,0,0,1.1222833866720117,0.796793574271279
3.3000000000000003,113,62.83185840707964,1.7699115044247788,5.3097345132743365,9.734513274336283,7.079646017699115,7.079646017699115,0,3.5398230088495577,0,0.8849557522123894,1.7699115044247788,0,4.546070373313735,1.2403916156829196,2.1093558357524236,2.7885521011370296,2.412803631283044,2.412803631283044,0,1.738303399159868,0,0.8810313171227336,1.2403916156829196,0
3.4000000000000004,144,67.36111111111111,1.3888888888888888,8.333333333333332,4.166666666666666,8.333333333333332,6.944444444444445,0,3.4722222222222223,0,0,0,0,3.9074286630543504,0.9752488163398563,2.3032116599690275,1.6652192789280276,2.3032116599690275,2.118403381680918,0,1.5256280470444523,0,0,0,0
3.5,115,66.08695652173913,0,6.956521739130435,3.4782608695652173,6.086956521739131,9.565217391304348,0,6.086956521739131,0,0,1.7391304347826086,0,4.414609963437782,0,2.3724120530839112,1.7086170056504844,2.2295341928720966,2.742623871226593,0,2.2295341928720966,0,0,1.21901053535082,0
3.6,95,66.3157894736842,1.0526315789473684,3.1578947368421053,4.2105263157894735,8.421052631578947,10.526315789473683,0,6.315789473684211,0,0,0,0,4.849085658631039,1.0470767561154526,1.7941928973195587,2.060465199703549,2.8491755700166506,3.1486475874532562,0,2.4956588639444353,0,0,0,0
3.7,111,60.36036036036037,1.8018018018018018,10.81081081081081,0.9009009009009009,8.108108108108109,9.00900900900901,0,5.405405405405405,0,0,3.6036036036036037,0,4.642792470136051,1.262536023737965,2.9472959827365983,0.8968336074384397,2.590817801456274,2.7175417110211204,0,2.146277172733286,0,0,1.7690390363041926,0
3.8000000000000003,97,61.855670103092784,0,9.278350515463918,2.0618556701030926,8.24742268041237,6.185567010309279,1.0309278350515463,11.34020618556701,0,0,0,0,4.931952506864323,0,2.94581174512516,1.442843406231923,2.793073699796224,2.4459001290227738,1.025600006956303,3.219496570470839,0,0,0,0
3.9000000000000004,118,69.49152542372882,1.694915254237288,7.627118644067797,0.847457627118644,4.23728813559322,11.864406779661017,0,3.389830508474576,0.847457627118644,0,0,0,4.2387242610828855,1.18828600286966,2.4434952140292476,0.8438590646753579,1.8543905820074666,2.9768549689580897,0,1.665940208836309,0.8438590646753579,0,0,0
4,122,63.934426229508205,0,9.836065573770492,0.819672131147541,3.278688524590164,11.475409836065573,0,9.836065573770492,0.819672131147541,0,0,0,4.347442969633568,0,2.6961696744010997,0.8163059069407409,1.6122457965031596,2.885600134615417,0,2.6961696744010997,0.8163059069407409,0,0,0
4.1000000000000005,94,68.08510638297872,0,8.51063829787234,2.127659574468085,5.319148936170213,6.382978723404255,0,7.446808510638298,1.0638297872340425,0,1.0638297872340425,0,4.807937726519422,0,2.878077197872763,1.4883913284539245,2.3146654282653953,2.521303814512326,0,2.707801758335306,1.058155987913608,0,1.058155987913608,0
4.2,114,70.17543859649122,0.8771929824561403,4.385964912280701,2.631578947368421,2.631578947368421,11.403508771929824,0.8771929824561403,4.385964912280701,0,1.7543859649122806,0.8771929824561403,0,4.2847666495031955,0.8733371704606866,1.9179663092194785,1.4992181792363357,1.4992181792363357,2.976974304177393,0.8733371704606866,1.9179663092194785,0,1.2296081474569516,0.8733371704606866,0
4.3,108,57.407407407407405,1.8518518518518516,13.88888888888889,0.9259259259259258,0.9259259259259258,15.74074074074074,0.9259259259259258,6.481481481481481,0,0,1.8518518518518516,0,4.758160938208715,1.2972757420698038,3.327755964945652,0.9216292627144504,0.9216292627144504,3.5043665288582506,0.9216292627144504,2.36904916454104,0,0,1.2972757420698038,0
4.4,101,73.26732673267327,0,5.9405940594059405,1.9801980198019802,2.9702970297029703,10.891089108910892,0,4.9504950495049505,0,0,0,0,4.403679274833073,0,2.352097753748252,1.386278649080601,1.689240964133677,3.0998132951008004,0,2.1584329292458206,0,0,0,0
4.5,101,64.35643564356435,0,7.920792079207921,0.9900990099009901,0.9900990099009901,14.85148514851485,1.9801980198019802,7.920792079207921,0,0,0.9900990099009901,0,4.765690869276655,0,2.6872273258103183,0.9851853368415734,0.9851853368415734,3.538447810589639,1.386278649080601,2.6872273258103183,0,0,0.9851853368415734,0
4.6000000000000005,101,66.33663366336634,0,6.9306930693069315,0.9900990099009901,1.9801980198019802,14.85148514851485,0,8.91089108910891,0,0,0,0,4.702131811188595,0,2.5271492186580318,0.9851853368415734,1.386278649080601,3.538447810589639,0,2.8348697368381663,0,0,0,0
4.7,115,71.30434782608695,0,5.217391304347826,1.7391304347826086,3.4782608695652173,9.565217391304348,0.8695652173913043,7.82608695652174,0,0,0,0,4.218102565088905,0,2.0736817885358407,1.21901053535082,1.7086170056504844,2.742623871226593,0.8657762441719378,2.5045368548698117,0,0,0,0
4.800000000000001,115,66.08695652173913,0.8695652173913043,8.695652173913043,0.8695652173913043,0,10.434782608695652,0,11.304347826086957,0,0.8695652173913043,0,0.8695652173913043,4.414609963437782,0.8657762441719378,2.6275312444452257,0.8657762441719378,0,2.850771936311176,0,2.9527386003586846,0,0.8657762441719378,0,0.8657762441719378
4.9,112,71.42857142857143,0,12.5,0.8928571428571428,1.7857142857142856,8.035714285714286,0,4.464285714285714,0,0,0.8928571428571428,0,4.2686736047656915,0,3.125,0.8888622362733644,1.2513658718334555,2.5686967312686644,0,1.951415979693143,0,0,0.8888622362733644,0
5,116,68.10344827586206,0.8620689655172413,9.482758620689655,0,0.8620689655172413,10.344827586206897,0,8.620689655172415,0,0.8620689655172413,0.8620689655172413,0,4.327403817257372,0.8583451080844774,2.720219867842046,0,0.8583451080844774,2.8276152082269,0,2.6059492204450794,0,0.8583451080844774,0.8583451080844774,0
5.1000000000000005,106,62.264150943396224,0,9.433962264150944,0.9433962264150944,3.7735849056603774,12.264150943396226,0,8.49056603773585,0.9433962264150944,0.9433962264150944,0.9433962264150944,0,4.708072755603164,0,2.8390746938236933,0.9389356991742922,1.8508502572525394,3.1860629516474606,0,2.7073744367693204,0.9389356991742922,0.9389356991742922,0.9389356991742922,0
5.2,93,76.34408602150538,0,10.75268817204301,1.0752688172043012,1.0752688172043012,5.376344086021505,0,3.225806451612903,0,0,2.1505376344086025,0,4.406726446601569,0,3.212289094836828,1.0694721775786498,1.0694721775786498,2.3388475538888254,0,1.8321349491840797,0,0,1.5042196967050403,0
5.300000000000001,123,69.91869918699187,0.8130081300813009,7.317073170731707,1.6260162601626018,0.8130081300813009,10.569105691056912,0,6.504065040650407,0,0.8130081300813009,1.6260162601626018,0,4.135160974145821,0.8096964742387917,2.348096889469429,1.1403811127962147,0.8096964742387917,2.7721093110654214,0,2.2234954573549937,0,0.8096964742387917,1.1403811127962147,0
5.4,121,72.72727272727273,0,9.090909090909092,0,1.6528925619834711,8.264462809917356,0.8264462809917356,6.6115702479338845,0,0.8264462809917356,0,0,4.04874337650112,0,2.6134526117094046,0,1.1590720225801285,2.5031301651326348,0.8230241284825937,2.2589476150823304,0,0.8230241284825937,0,0
5.5,101,68.31683168316832,0,8.91089108910891,0.9900990099009901,1.9801980198019802,10.891089108910892,0,6.9306930693069315,0.9900990099009901,0,0.9900990099009901,0,4.62932289500769,0,2.8348697368381663,0.9851853368415734,1.386278649080601,3.0998132951008004,0,2.5271492186580318,0.9851853368415734,0,0.9851853368415734,0
5.6000000000000005,118,61.86440677966102,0,10.16949152542373,1.694915254237288,0.847457627118644,16.94915254237288,0.847457627118644,6.779661016949152,0,0,0,0.847457627118644,4.4714118762997765,0,2.782406278831432,1.18828600286966,0.8438590646753579,3.453862345912774,0.8438590646753579,2.314292911361428,0,0,0,0.8438590646753579
5.7,124,63.70967741935484,0.8064516129032258,13.709677419354838,0.8064516129032258,1.6129032258064515,9.67741935483871,0,9.67741935483871,0,0,0,0,4.318046101833366,0.8031932092228373,3.088757562872056,0.8031932092228373,1.1312598806013996,2.6550157798487146,0,2.6550157798487146,0,0,0,0
5.800000000000001,101,73.26732673267327,0,5.9405940594059405,0.9900990099009901,0.9900990099009901,11.881188118811881,0,6.9306930693069315,0,0,0,0,4.403679274833073,0,2.352097753748252,0.9851853368415734,0.9851853368415734,3.2196122095474857,0,2.5271492186580318,0,0,0,0
5.9,117,66.66666666666666,0,16.23931623931624,1.7094017094017095,0.8547008547008548,5.982905982905983,0,5.982905982905983,0,0,2.564102564102564,0,4.35813633640409,0,3.409659771997591,1.198353987682868,0.8510404487813981,2.1926361495999585,0,2.1926361495999585,0,0,1.461282759427539,0
6,119,69.74789915966386,0.8403361344537815,8.403361344537815,0.8403361344537815,1.680672268907563,11.76470588235294,0.8403361344537815,5.042016806722689,0,0,0.8403361344537815,0,4.210850808038787,0.8367978613303036,2.5432719820168352,0.8367978613303036,1.1783857624608471,2.953508501490787,0.8367978613303036,2.005831304000713,0,0,0.8367978613303036,0
6.1000000000000005,116,67.24137931034483,0,9.482758620689655,3.4482758620689653,1.7241379310344827,6.0344827586206895,0,11.206896551724139,0,0,0.8620689655172413,0,4.357647696150485,0,2.720219867842046,1.6941506360017844,1.208594016067546,2.210931489015547,0,2.9288916416826836,0,0,0.8583451080844774,0
6.2,120,73.33333333333333,0,7.5,0,0.8333333333333334,12.5,0,5.833333333333333,0,0,0,0,4.036867138796656,0,2.4044230077089184,0,0.829853847016092,3.0190368221227994,0,2.1395201088786937,0,0,0,0
6.300000000000001,142,66.19718309859155,0,7.042253521126761,0,2.112676056338028,14.788732394366196,0,7.042253521126761,0,1.4084507042253522,1.4084507042253522,0,3.9696482794411043,0,2.147110763323086,0,1.206800581898382,2.9789952857813233,0,2.147110763323086,0,0.9888866161963513,0.9888866161963513,0
6.4,123,66.66666666666666,0,9.75609756097561,0.8130081300813009,2.4390243902439024,9.75609756097561,0,8.94308943089431,0.8130081300813009,0,0.8130081300813009,0,4.250511420422256,0,2.6754352529086547,0.8096964742387917,1.3908925573468318,2.6754352529086547,0,2.5730468076096207,0.8096964742387917,0,0.8096964742387917,0
6.5,149,63.758389261744966,0.6711409395973155,10.738255033557047,0.6711409395973155,2.013422818791946,14.093959731543624,0,7.38255033557047,0.6711409395973155,0,0,0,3.938032354486423,0.6688849972828816,2.536333799446498,0.6688849972828816,1.1506881816937555,2.8505930999960154,0,2.1421825790562723,0.6688849972828816,0,0,0
6.6000000000000005,144,68.75,0,8.333333333333332,0.6944444444444444,2.7777777777777777,10.416666666666668,0,7.638888888888889,0,0,1.3888888888888888,0,3.8626033786956575,0,2.3032116599690275,0.6920289781887382,1.3694629127545408,2.54563859350958,0,2.21349438644737,0,0,0.9752488163398563,0
6.7,118,65.2542372881356,0,14.40677966101695,0,1.694915254237288,9.322033898305085,0,9.322033898305085,0,0,0,0,4.383432062948529,0,3.232675684924706,0,1.18828600286966,2.6764875063103224,0,2.6764875063103224,0,0,0,0
6.800000000000001,114,67.54385964912281,0,9.649122807017543,0,0.8771929824561403,11.403508771929824,0,7.017543859649122,0,0,2.631578947368421,0.8771929824561403,4.385195377243236,0,2.765398213380642,0,0.8733371704606866,2.976974304177393,0,2.392437764580951,0,0,1.4992181792363357,0.8733371704606866
6.9,143,69.23076923076923,0,10.48951048951049,2.797202797202797,2.097902097902098,6.993006993006993,0,7.6923076923076925,0,0,0.6993006993006993,0,3.8595785077250344,0,2.5623978316886404,1.3789018034065248,1.1984518468489165,2.132660691682888,0,2.2283286903935426,0,0,0.6968513022852836,0
7,135,67.4074074074074,0.7407407407407408,16.296296296296298,0.7407407407407408,0.7407407407407408,6.666666666666667,0,5.9259259259259265,0,0.7407407407407408,0.7407407407407408,0,4.034097418306748,0.7379921570850995,3.1787026897811392,0.7379921570850995,0.7379921570850995,2.146870629065102,0,2.0321052657792213,0,0.7379921570850995,0.7379921570850995,0
7.1000000000000005,106,65.09433962264151,0,23.58490566037736,0.9433962264150944,0,3.7735849056603774,0,6.60377358490566,0,0,0,0,4.629846681674747,0,4.1233833779317814,0.9389356991742922,0,1.8508502572525394,0,2.412169486461068,0,0,0,0
7.2,106,69.81132075471697,0,20.754716981132077,0,1.8867924528301887,1.8867924528301887,0,3.7735849056603774,0,0.9433962264150944,0.9433962264150944,0,4.458944339437857,0,3.9390562766273014,0,1.3215173508914622,1.3215173508914622,0,1.8508502572525394,0,0.9389356991742922,0.9389356991742922,0
7.300000000000001,105,67.61904761904762,0,23.809523809523807,1.9047619047619049,1.9047619047619049,1.9047619047619049,0,1.9047619047619049,0,0,0.9523809523809524,0,4.56651285211701,0,4.15653124259033,1.3339810542038597,1.3339810542038597,1.3339810542038597,0,1.3339810542038597,0,0,0.9478349552916558,0
7.4,110,68.18181818181817,0,20,0,0.9090909090909091,3.6363636363636362,0,7.2727272727272725,0,0,0,0,4.4409473678108835,0,3.81385035698237,0,0.9049492433184968,1.7848178494800777,0,2.476030851051108,0,0,0,0
7.5,104,67.3076923076923,0.9615384615384616,27.884615384615387,0,0,0.9615384615384616,0,1.9230769230769231,0.9615384615384616,0,0,0,4.599794923294708,0.9569045142703854,4.397234449184214,0,0,0.9569045142703854,0,1.3466820603574796,0.9569045142703854,0,0,0
7.6000000000000005,103,69.90291262135922,0,23.300970873786408,0.9708737864077669,0,0,0,4.854368932038835,0,0,0.9708737864077669,0,4.519509026073797,0,4.165463462969746,0.9661493117216525,0,0,0,2.117591587353539,0,0,0.9661493117216525,0
7.7,97,78.35051546391753,0,8.24742268041237,1.0309278350515463,1.0309278350515463,1.0309278350515463,0,8.24742268041237,0,0,2.0618556701030926,0,4.18175747709241,0,2.793073699796224,1.025600006956303,1.025600006956303,1.025600006956303,0,2.793073699796224,0,0,1.442843406231923,0
7.800000000000001,89,67.41573033707866,0,25.842696629213485,1.1235955056179776,1.1235955056179776,1.1235955056179776,0,3.3707865168539324,0,0,0,0,4.968091823711921,0,4.640351466071483,1.1172653397216303,1.1172653397216303,1.1172653397216303,0,1.913043489474325,0,0,0,0
7.9,125,64,0,24.8,1.6,1.6,0,0,7.199999999999999,0,0,0.8,0,4.293250516799596,0,3.8626001605136406,1.1222833866720117,1.1222833866720117,0,0,2.3119861591281206,0,0,0.796793574271279,0
8,112,75.89285714285714,1.7857142857142856,15.178571428571427,0,0,0.8928571428571428,0,4.464285714285714,0,0,0.8928571428571428,0.8928571428571428,4.041702201711277,1.2513658718334555,3.3904647177321556,0,0,0.8888622362733644,0,1.951415979693143,0,0,0.8888622362733644,0.8888622362733644
8.1,105,69.52380952380952,1.9047619047619049,17.142857142857142,3.8095238095238098,1.9047619047619049,0,0,3.8095238095238098,0,0.9523809523809524,0.9523809523809524,0,4.4921315988843515,1.3339810542038597,3.6780017391245092,1.86812844795725,1.3339810542038597,0,0,1.86812844795725,0,0.9478349552916558,0.9478349552916558,0
8.200000000000001,107,68.22429906542055,3.7383177570093453,19.626168224299064,0,0.9345794392523363,0,0,4.672897196261682,0,0,2.803738317757009,0,4.5011679933580515,1.833888560624748,3.839575452657336,0,0.9302019939262133,0,0,2.0403723121389743,0,0,1.5958851386924617,0
8.3,80,71.25,0,21.25,2.5,0,0,0,5,0,0,0,0,5.060184655721567,0,4.573616594118925,1.7455300054711176,0,0,0,2.436698586202241,0,0,0,0
8.4,122,69.67213114754098,0,22.131147540983605,1.639344262295082,0.819672131147541,0.819672131147541,0,4.098360655737705,0,0,0.819672131147541,0,4.161698163909942,0,3.7584081285565305,1.1496506119971748,0.8163059069407409,0.8163059069407409,0,1.7948914426949625,0,0,0.8163059069407409,0
8.5,132,65.9090909090909,1.5151515151515151,21.21212121212121,0.7575757575757576,3.0303030303030303,1.5151515151515151,0,6.0606060606060606,0,0,0,0,4.125769741263607,1.0632264625261167,3.5582363213953285,0.7547006968906226,1.4920180724767604,1.0632264625261167,0,2.076801263158612,0,0,0,0
8.6,86,66.27906976744185,2.3255813953488373,18.6046511627907,5.813953488372093,0,0,0,4.651162790697675,0,0,2.3255813953488373,0,5.097869923968884,1.6252005626086228,4.196249808820081,2.523363604380063,0,0,0,2.270854167140835,0,0,1.6252005626086228,0
8.700000000000001,129,69.76744186046511,0,17.829457364341085,3.875968992248062,1.550387596899225,0,0,6.976744186046512,0,0,0,0,4.043607494325309,0,3.370018501694263,1.6994612999553798,1.0877580171127448,0,0,2.2429898705600566,0,0,0,0
8.8,127,64.56692913385827,0,17.322834645669293,8.661417322834646,7.086614173228346,0,0,1.574803149606299,0,0,0.7874015748031495,0,4.244314933739599,0,3.3581524546551673,2.4958573270902873,2.276966688005878,0,0,1.104751049736838,0,0,0.7842954420847423,0
8.9,163,61.34969325153374,0.6134969325153374,19.631901840490798,9.202453987730062,4.9079754601226995,0.6134969325153374,0,3.6809815950920246,0,0,0,0,3.8140718327497165,0.6116121448583315,3.111209314694694,2.264097267763461,1.6921132880881706,0.6116121448583315,0,1.4748370691041293,0,0,0,0
9,149,59.73154362416108,1.342281879194631,14.093959731543624,10.738255033557047,10.06711409395973,0.6711409395973155,0,2.013422818791946,0,0,1.342281879194631,0,4.017826935024169,0.9427450539532667,2.8505930999960154,2.536333799446498,2.4650096630699014,0.6688849972828816,0,1.1506881816937555,0,0,0.9427450539532667,0
9.1,185,58.91891891891892,2.7027027027027026,8.108108108108109,12.972972972972974,14.594594594594595,0,0,1.6216216216216217,0,0,1.0810810810810811,0,3.6171161316476526,1.1922399277196885,2.0068388396195727,2.47036409346259,2.5956900536235996,0,0,0.9286214877177292,0,0,0.7602964279814021,0
9.200000000000001,222,57.20720720720721,1.3513513513513513,6.756756756756757,16.666666666666664,15.315315315315313,0,0,2.2522522522522523,0,0,0.45045045045045046,0,3.3207348613288836,0.7749134931677248,1.6846176268442383,2.501250938281934,2.4170682937382204,0,0,0.9958304629249971,0,0,0.44943477734192705,0
9.3,215,55.348837209302324,0.46511627906976744,6.511627906976744,17.209302325581397,18.6046511627907,0.46511627906976744,0,0.9302325581395349,0,0,0,0.46511627906976744,3.3904036533423465,0.4640333526200663,1.6826909410970359,2.5742645335100676,2.653941405383515,0.4640333526200663,0,0.6547071889508038,0,0,0,0.4640333526200663
9.4,305,55.73770491803278,2.622950819672131,6.229508196721312,18.688524590163937,15.081967213114755,0.32786885245901637,0.32786885245901637,0.32786885245901637,0,0,0.6557377049180327,0,2.8440785434922025,0.9151103327993009,1.3839170439687691,2.2320992895090908,2.0491749529625825,0.3273309212477206,0.3273309212477206,0.3273309212477206,0,0,0.46215382633268476,0
9.5,287,53.31010452961672,1.0452961672473868,1.7421602787456445,20.557491289198605,21.602787456445995,0.6968641114982579,0,1.0452961672473868,0,0,0,0,2.9449319887102585,0.6003395457574546,0.7723012028131504,2.385451462259453,2.4292055165545996,0.4910374126550227,0,0.6003395457574546,0,0,0,0
9.600000000000001,317,48.26498422712934,0.9463722397476341,2.8391167192429023,24.290220820189273,21.766561514195583,0.31545741324921134,0,0.6309148264984227,0,0,0.9463722397476341,0,2.8065885306998255,0.5437966878570385,0.932841201485366,2.4085856253392937,2.317722796839923,0.31495945332827063,0,0.44471459366160315,0,0,0.5437966878570385,0
9.700000000000001,373,49.06166219839142,2.680965147453083,5.093833780160858,16.890080428954423,25.201072386058982,0.2680965147453083,0.2680965147453083,0.2680965147453083,0,0,0.2680965147453083,0,2.5884459311056833,0.8363538584058638,1.1384532042294564,1.9399381060293943,2.2480335101440545,0.2677368948453443,0.2677368948453443,0.2677368948453443,0,0,0.2677368948453443,0
9.8,339,47.1976401179941,1.4749262536873156,2.949852507374631,23.59882005899705,23.303834808259587,0.8849557522123894,0.2949852507374631,0,0,0,0.2949852507374631,0,2.711358593961583,0.6547246441298961,0.9189637952594412,2.3061912935331477,2.2961522027549144,0.5086636681053008,0.29454984791602923,0,0,0,0.29454984791602923,0
9.9,346,47.97687861271676,1.7341040462427744,1.4450867052023122,24.566473988439306,23.410404624277454,0,0,0,0,0,0.8670520231213872,0,2.685815330213989,0.701779916633705,0.641575902399345,2.314278220929953,2.2764142639306746,0,0,0,0,0,0.4984177946068449,0
10,328,45.1219512195122,1.524390243902439,2.1341463414634148,32.31707317073171,18.29268292682927,0,0,0,0,0,0.6097560975609756,0,2.7476179484298924,0.6765119894529545,0.7979777289582034,2.582371109072392,2.1346774218104345,0,0,0,0,0,0.4298461411407716,0
10.100000000000001,336,42.55952380952381,2.6785714285714284,2.6785714285714284,25.892857142857146,25,0,0.2976190476190476,0.5952380952380952,0,0,0.2976190476190476,0,2.6973528216054876,0.88081806868196,0.88081806868196,2.3897385188111278,2.36227795630767,0,0.2971758321123438,0.41964235457746396,0,0,0.2971758321123438,0
10.200000000000001,338,46.44970414201183,1.7751479289940828,1.4792899408284024,22.781065088757398,26.331360946745562,0.2958579881656805,0,0.2958579881656805,0,0,0.591715976331361,0,2.7127768036010758,0.7182400472489531,0.6566471573169553,2.281342892117017,2.39562935694944,0.29542000422729103,0,0.29542000422729103,0,0,0.41716665406971687,0
10.3,292,44.86301369863014,2.054794520547945,1.7123287671232876,25.684931506849317,22.602739726027394,0,0.3424657534246575,0.3424657534246575,0,0,2.3972602739726026,0,2.910544935407426,0.8302031265165233,0.759192087938934,2.556737971593555,2.44766461903198,0,0.3418788365350183,0.3418788365350183,0,0,0.8951527966610963,0
10.4,293,39.59044368600683,1.3651877133105803,2.3890784982935154,28.327645051194537,27.303754266211605,0.3412969283276451,0.3412969283276451,0,0,0,0.3412969283276451,0,2.857026030399721,0.6779185012442841,0.8921350579551117,2.63237200225758,2.6027554508966695,0.34071401256771827,0.34071401256771827,0,0,0,0.34071401256771827,0
10.5,300,47.333333333333336,3,1.6666666666666667,21,24.666666666666668,1,0.6666666666666667,0,0,0,0.6666666666666667,0,2.8826428203351226,0.9848857801796105,0.7391185942027817,2.351595203260969,2.4887896805624363,0.5744562646538028,0.46983054470813274,0,0,0,0.46983054470813274,0
10.600000000000001,306,47.385620915032675,1.6339869281045754,0.9803921568627451,22.22222222222222,26.143790849673206,0.6535947712418301,0,0,0,0,0.9803921568627451,0,2.85439978123447,0.7247464725281274,0.563248186235433,2.376625733036103,2.5119851828274493,0.46064848790494495,0,0,0,0,0.563248186235433,0
10.700000000000001,293,43.003412969283275,1.7064846416382253,3.0716723549488054,23.549488054607508,28.327645051194537,0,0,0,0,0,0.3412969283276451,0,2.892291608843356,0.756623481846928,1.008042851557338,2.478832171519876,2.63237200225758,0,0,0,0,0,0.34071401256771827,0
10.8,291,44.67353951890035,1.718213058419244,2.0618556701030926,25.42955326460481,25.085910652920962,0.3436426116838488,0.3436426116838488,0.3436426116838488,0,0,0,0,2.9143729726752685,0.7617781913459561,0.8330260289864774,2.552737999932492,2.5412663942644307,0.3430516523270655,0.3430516523270655,0.3430516523270655,0,0,0,0
10.9,322,42.54658385093168,1.2422360248447204,3.4161490683229814,28.26086956521739,23.60248447204969,0.3105590062111801,0,0.3105590062111801,0,0,0.3105590062111801,0,2.755258432552485,0.6172480805890275,1.0122615237525616,2.509243908750394,2.366412998212829,0.3100763967413261,0,0.3100763967413261,0,0,0.3100763967413261,0
11,287,44.599303135888505,1.3937282229965158,1.7421602787456445,24.041811846689896,27.177700348432055,0.34843205574912894,0.34843205574912894,0,0,0,0.34843205574912894,0,2.9341391209555603,0.6919908761056753,0.7723012028131504,2.5224928683885133,2.6260173993959866,0.3478245015715782,0.3478245015715782,0,0,0,0.3478245015715782,0
11.100000000000001,289,47.05882352941176,2.768166089965398,3.1141868512110724,18.685121107266436,27.68166089965398,0,0,0,0,0,0.6920415224913495,0,2.936083520497775,0.9650534981583309,1.0217708445358138,2.2928943646063815,2.6319120497039874,0,0,0,0,0,0.4876510706578847,0
11.200000000000001,334,44.91017964071856,0,3.592814371257485,26.047904191616766,24.550898203592812,0,0.5988023952095809,0.29940119760479045,0,0,0,0,2.7216660804778177,0,1.0183541994351906,2.4015321371878824,2.3549814813948933,0,0.4221476144910771,0.2989526562329195,0,0,0,0
11.3,323,45.20123839009288,2.1671826625387,1.238390092879257,23.219814241486066,26.625386996904027,0.30959752321981426,0.30959752321981426,0,0,0,0.6191950464396285,0.30959752321981426,2.769231592524905,0.8101935432897661,0.6153490772650697,2.3493768693243022,2.459345898940654,0.30911789857361605,0.30911789857361605,0,0,0,0.436479378787345,0.30911789857361605
11.4,274,40.87591240875913,1.824817518248175,4.014598540145985,29.1970802919708,22.26277372262774,0.36496350364963503,0.7299270072992701,0.36496350364963503,0.36496350364963503,0,0,0,2.96989212221894,0.8086029062748757,1.1859008288322521,2.7467555722707346,2.5132105549612818,0.3642969030865082,0.514249177346205,0.3642969030865082,0.3642969030865082,0,0,0
11.5,294,43.53741496598639,1.7006802721088436,3.061224489795918,26.53061224489796,23.12925170068027,1.0204081632653061,0.3401360544217687,0,0,0,0.6802721088435374,0,2.8915987825618914,0.7540721961117448,1.0046682763914156,2.574857395430859,2.4591650633825384,0.5861194403214197,0.3395570990158184,0,0,0,0.47938608963228835,0
11.600000000000001,296,42.22972972972973,2.027027027027027,4.054054054054054,24.66216216216216,26.351351351351347,0,0,0,0,0,0.6756756756756757,0,2.8708830098960805,0.8191002482421099,1.1463367788664036,2.505395511275017,2.560577833523055,0,0,0,0,0,0.4761580121450848,0
11.700000000000001,315,47.61904761904761,1.9047619047619049,3.1746031746031744,23.174603174603174,22.22222222222222,0.9523809523809524,0.6349206349206349,0.31746031746031744,0,0,0,0,2.813984953739423,0.7701743207384592,0.9878342707606677,2.377405605530179,2.3424278964210217,0.5472327665849744,0.4475291576185615,0.3169560116336297,0,0,0,0
11.8,308,46.42857142857143,1.2987012987012987,3.2467532467532463,23.051948051948052,24.350649350649352,0.3246753246753247,0.6493506493506493,0.3246753246753247,0,0,0.3246753246753247,0,2.841737223586908,0.6451203069288338,1.0099085692671845,2.3998122871701657,2.44558362305591,0.32414782583031104,0.45766703951236826,0.32414782583031104,0,0,0.32414782583031104,0
11.9,315,45.07936507936508,0.9523809523809524,2.2222222222222223,23.174603174603174,26.34920634920635,0.6349206349206349,0.6349206349206349,0.31746031746031744,0,0,0.6349206349206349,0,2.8035053749246144,0.5472327665849744,0.8305361638242785,2.377405605530179,2.4820881887608195,0.4475291576185615,0.4475291576185615,0.3169560116336297,0,0,0.4475291576185615,0
12,0,NaN,NaN,NaN,NaN,NaN,NaN,NaN,NaN,NaN,NaN,NaN,NaN,0,0,0,0,0,0,0,0,0,0,0,0

